#
# There is insufficient memory for the Java Runtime Environment to continue.
# Native memory allocation (mmap) failed to map 1264582656 bytes. Error detail: G1 virtual space
# Possible reasons:
#   The system is out of physical RAM or swap space
#   This process is running with CompressedOops enabled, and the Java Heap may be blocking the growth of the native heap
# Possible solutions:
#   Reduce memory load on the system
#   Increase physical memory or swap space
#   Check if swap backing store is full
#   Decrease Java heap size (-Xmx/-Xms)
#   Decrease number of Java threads
#   Decrease Java thread stack sizes (-Xss)
#   Set larger code cache with -XX:ReservedCodeCacheSize=
#   JVM is running with Zero Based Compressed Oops mode in which the Java heap is
#     placed in the first 32GB address space. The Java Heap base address is the
#     maximum limit for the native heap growth. Please use -XX:HeapBaseMinAddress
#     to set the Java Heap base and to place the Java Heap above 32GB virtual address.
# This output file may be truncated or incomplete.
#
#  Out of Memory Error (os_windows.cpp:3830), pid=19508, tid=16400
#
# JRE version: OpenJDK Runtime Environment JBR-17.0.14+1-1367.22-nomod (17.0.14+1) (build 17.0.14+1-b1367.22)
# Java VM: OpenJDK 64-Bit Server VM JBR-17.0.14+1-1367.22-nomod (17.0.14+1-b1367.22, mixed mode, sharing, tiered, compressed oops, compressed class ptrs, g1 gc, windows-amd64)
# No core dump will be written. Minidumps are not enabled by default on client versions of Windows
#

---------------  S U M M A R Y ------------

Command Line: --add-opens=java.base/java.lang=ALL-UNNAMED --add-opens=java.base/java.lang.invoke=ALL-UNNAMED --add-opens=java.base/java.util=ALL-UNNAMED --add-opens=java.prefs/java.util.prefs=ALL-UNNAMED --add-exports=jdk.compiler/com.sun.tools.javac.api=ALL-UNNAMED --add-exports=jdk.compiler/com.sun.tools.javac.util=ALL-UNNAMED --add-opens=java.base/java.util=ALL-UNNAMED --add-opens=java.prefs/java.util.prefs=ALL-UNNAMED --add-opens=java.base/java.nio.charset=ALL-UNNAMED --add-opens=java.base/java.net=ALL-UNNAMED --add-opens=java.base/java.util.concurrent.atomic=ALL-UNNAMED --add-opens=java.xml/javax.xml.namespace=ALL-UNNAMED -Xmx4096m -Dfile.encoding=UTF-8 -Duser.country=IN -Duser.language=en -Duser.variant -javaagent:C:\Users\karth\.gradle\wrapper\dists\gradle-8.13-bin\5xuhj0ry160q40clulazy9h7d\gradle-8.13\lib\agents\gradle-instrumentation-agent-8.13.jar org.gradle.launcher.daemon.bootstrap.GradleDaemon 8.13

Host: AMD Ryzen 5 5600H with Radeon Graphics         , 12 cores, 15G,  Windows 11 , 64 bit Build 26100 (10.0.26100.9168)
Time: Tue Aug 25 13:38:35 2026 India Standard Time elapsed time: 89.446719 seconds (0d 0h 1m 29s)

---------------  T H R E A D  ---------------

Current thread (0x0000010f449fe9f0):  VMThread "VM Thread" [stack: 0x000000035a600000,0x000000035a700000] [id=16400]

Stack: [0x000000035a600000,0x000000035a700000]
Native frames: (J=compiled Java code, j=interpreted, Vv=VM code, C=native code)
V  [jvm.dll+0x68b969]  os::platform_print_native_stack+0xd9  (os_windows_x86.cpp:235)
V  [jvm.dll+0x84572a]  VMError::report+0xc6a  (vmError.cpp:868)
V  [jvm.dll+0x8473ae]  VMError::report_and_die+0x78e  (vmError.cpp:1766)
V  [jvm.dll+0x847a13]  VMError::report_and_die+0x43  (vmError.cpp:1552)
V  [jvm.dll+0x24a83f]  report_vm_out_of_memory+0x8f  (debug.cpp:321)
V  [jvm.dll+0x688629]  os::pd_commit_memory_or_exit+0xc9  (os_windows.cpp:3838)
V  [jvm.dll+0x67cf3a]  os::commit_memory_or_exit+0x2a  (os.cpp:1768)
V  [jvm.dll+0x30b83b]  G1PageBasedVirtualSpace::commit+0x19b  (g1PageBasedVirtualSpace.cpp:204)
V  [jvm.dll+0x312d26]  G1RegionsLargerThanCommitSizeMapper::commit_regions+0x96  (g1RegionToSpaceMapper.cpp:100)
V  [jvm.dll+0x3630fe]  HeapRegionManager::expand_any+0xee  (heapRegionManager.cpp:363)
V  [jvm.dll+0x36333f]  HeapRegionManager::expand_by+0x7f  (heapRegionManager.cpp:380)
V  [jvm.dll+0x2e18cc]  G1CollectedHeap::expand+0xbc  (g1CollectedHeap.cpp:1292)
V  [jvm.dll+0x2dfc8f]  G1CollectedHeap::do_collection_pause_at_safepoint_helper+0x8bf  (g1CollectedHeap.cpp:3094)
V  [jvm.dll+0x2df3bc]  G1CollectedHeap::do_collection_pause_at_safepoint+0x5c  (g1CollectedHeap.cpp:2898)
V  [jvm.dll+0x323a7b]  VM_G1CollectForAllocation::doit+0x6b  (g1VMOperations.cpp:147)
V  [jvm.dll+0x84c11d]  VM_Operation::evaluate+0xfd  (vmOperations.cpp:73)
V  [jvm.dll+0x84ce62]  VMThread::evaluate_operation+0xd2  (vmThread.cpp:269)
V  [jvm.dll+0x84d38f]  VMThread::inner_execute+0x1af  (vmThread.cpp:417)
V  [jvm.dll+0x84d774]  VMThread::loop+0x254  (vmThread.cpp:481)
V  [jvm.dll+0x84d840]  VMThread::run+0x70  (vmThread.cpp:167)
V  [jvm.dll+0x7f3a1c]  Thread::call_run+0x8c  (thread.cpp:405)
V  [jvm.dll+0x68a7c7]  thread_native_entry+0x77  (os_windows.cpp:551)
C  [ucrtbase.dll+0x2cd30]
C  [KERNEL32.DLL+0x2ccb7]
C  [ntdll.dll+0xaad6c]

VM_Operation (0x0000000366dfbfa0): G1CollectForAllocation, mode: safepoint, requested by thread 0x0000010f8d41edd0


---------------  P R O C E S S  ---------------

Threads class SMR info:
_java_thread_list=0x0000010f91b5d2d0, length=210, elements={
0x0000010f2607da90, 0x0000010f453bf980, 0x0000010f453c0450, 0x0000010f453f9f50,
0x0000010f453fa820, 0x0000010f453fb0f0, 0x0000010f453fd9d0, 0x0000010f454089f0,
0x0000010f45409300, 0x0000010f45409c10, 0x0000010f449fa720, 0x0000010f455fe8e0,
0x0000010f8bcce270, 0x0000010f8ca83040, 0x0000010f8c9dde10, 0x0000010f8b9f3510,
0x0000010f8cb86990, 0x0000010f8cc0b5a0, 0x0000010f8cc0ab80, 0x0000010f8cc0b090,
0x0000010f8cc0e330, 0x0000010f8cc0bab0, 0x0000010f8cc0d910, 0x0000010f8cc0de20,
0x0000010f8cc0bfc0, 0x0000010f8cc0d400, 0x0000010f8cc0c9e0, 0x0000010f8cc0cef0,
0x0000010f8d1feec0, 0x0000010f8d1fdf90, 0x0000010f8d1fda80, 0x0000010f8d1ff3d0,
0x0000010f8d200300, 0x0000010f8d200810, 0x0000010f8d1ffdf0, 0x0000010f8d1ff8e0,
0x0000010f8d200d20, 0x0000010f8d1fd570, 0x0000010f8d2044d0, 0x0000010f8d2049e0,
0x0000010f8d203fc0, 0x0000010f8d201230, 0x0000010f8d203090, 0x0000010f8d2035a0,
0x0000010f8d201740, 0x0000010f8d203ab0, 0x0000010f8d202b80, 0x0000010f8d201c50,
0x0000010f449f81d0, 0x0000010f90a5abb0, 0x0000010f90a59770, 0x0000010f90a5b0c0,
0x0000010f90a5a190, 0x0000010f90a5a6a0, 0x0000010f8cfb4f00, 0x0000010f8cfb5410,
0x0000010f8cfb44e0, 0x0000010f8d202160, 0x0000010f8d202670, 0x0000010f8f1f2400,
0x0000010f8f1f3840, 0x0000010f8f1f3d50, 0x0000010f8f1f5190, 0x0000010f8f1f2910,
0x0000010f8f1f2e20, 0x0000010f8f1f5bb0, 0x0000010f8f1f3330, 0x0000010f8f1f4260,
0x0000010f8f1f4770, 0x0000010f8f1f4c80, 0x0000010f454493a0, 0x0000010f45448470,
0x0000010f8ec58890, 0x0000010f91710bb0, 0x0000010f8e221b00, 0x0000010f91711ff0,
0x0000010f917110c0, 0x0000010f917106a0, 0x0000010f449f6880, 0x0000010f449f6d90,
0x0000010f449f72a0, 0x0000010f90f90f40, 0x0000010f90f90a30, 0x0000010f90f8f0e0,
0x0000010f8e242a70, 0x0000010f8e242560, 0x0000010f8e242050, 0x0000010f8e242f80,
0x0000010f92734e80, 0x0000010f9048f190, 0x0000010f904900c0, 0x0000010f9048e770,
0x0000010f9048ec80, 0x0000010f9048fbb0, 0x0000010f9048f6a0, 0x0000010f8d41fd00,
0x0000010f8d41e8c0, 0x0000010f8d421b60, 0x0000010f8d421650, 0x0000010f912f33d0,
0x0000010f912f3df0, 0x0000010f8cc0a590, 0x0000010f8cc09b70, 0x0000010f8cc0a080,
0x0000010f8dfb5cb0, 0x0000010f8dfb61c0, 0x0000010f8dfb8020, 0x0000010f912f4300,
0x0000010f912f38e0, 0x0000010f912f4810, 0x0000010f912f4d20, 0x0000010f456df8c0,
0x0000010f90f90010, 0x0000010f90f92380, 0x0000010f90f90520, 0x0000010f90f91450,
0x0000010f90f8fb00, 0x0000010f456e1210, 0x0000010f456de990, 0x0000010f456dda60,
0x0000010f456e07f0, 0x0000010f456dfdd0, 0x0000010f456de480, 0x0000010f90f91960,
0x0000010f45447540, 0x0000010f45448e90, 0x0000010f45449dc0, 0x0000010f454498b0,
0x0000010f45447f60, 0x0000010f45446b20, 0x0000010f90f91e70, 0x0000010f90f8ebd0,
0x0000010f90f8f5f0, 0x0000010f8e2fc080, 0x0000010f8e2206c0, 0x0000010f8e076de0,
0x0000010f8e0772f0, 0x0000010f8e078730, 0x0000010f8e074f80, 0x0000010f8e075490,
0x0000010f8e0759a0, 0x0000010f8e077800, 0x0000010f8e075eb0, 0x0000010f8e077d10,
0x0000010f8e0768d0, 0x0000010f8e0763c0, 0x0000010f456e0d00, 0x0000010f8e220bd0,
0x0000010f8f97f4f0, 0x0000010f8f97d180, 0x0000010f8f97e0b0, 0x0000010f8f97e5c0,
0x0000010f8f97c760, 0x0000010f8f97ead0, 0x0000010f8f97d690, 0x0000010f8f97efe0,
0x0000010f45447a50, 0x0000010f8e27c680, 0x0000010f8e27d0a0, 0x0000010f8e27dac0,
0x0000010f8e27c170, 0x0000010f8e27f920, 0x0000010f8f97fa00, 0x0000010f8dfb4870,
0x0000010f93131a00, 0x0000010f93130fe0, 0x0000010f93131f10, 0x0000010f931314f0,
0x0000010f9312f690, 0x0000010f93132420, 0x0000010f93132930, 0x0000010f93132e40,
0x0000010f931300b0, 0x0000010f9312fba0, 0x0000010f931305c0, 0x0000010f8dfb4d80,
0x0000010f8dfb5290, 0x0000010f8dfb57a0, 0x0000010f456deea0, 0x0000010f8e078220,
0x0000010f92dc8420, 0x0000010f92dc6fe0, 0x0000010f8d41edd0, 0x0000010f915a80f0,
0x0000010f915a5870, 0x0000010f915a4e50, 0x0000010f915a5360, 0x0000010f92dc8930,
0x0000010f456ddf70, 0x0000010f456df3b0, 0x0000010f8dfb6be0, 0x0000010f8dfb66d0,
0x0000010f8dfb70f0, 0x0000010f8dfb7600, 0x0000010f8dfb7b10, 0x0000010f8f857240,
0x0000010f8f8590a0, 0x0000010f8f859fd0, 0x0000010f8f859ac0, 0x0000010f8f857750,
0x0000010f8e2fe3f0, 0x0000010f8e2fc590, 0x0000010f8e2fe900, 0x0000010f8e2fcfb0,
0x0000010f8e2fd9d0, 0x0000010f8e2fee10, 0x0000010f8e2fdee0, 0x0000010f92e63b00,
0x0000010f8e27e4e0, 0x0000010f8e27dfd0
}

Java Threads: ( => current thread )
  0x0000010f2607da90 JavaThread "main" [_thread_blocked, id=19660, stack(0x000000035a000000,0x000000035a100000)]
  0x0000010f453bf980 JavaThread "Reference Handler" daemon [_thread_blocked, id=23088, stack(0x000000035a700000,0x000000035a800000)]
  0x0000010f453c0450 JavaThread "Finalizer" daemon [_thread_blocked, id=23756, stack(0x000000035a800000,0x000000035a900000)]
  0x0000010f453f9f50 JavaThread "Signal Dispatcher" daemon [_thread_blocked, id=19908, stack(0x000000035a900000,0x000000035aa00000)]
  0x0000010f453fa820 JavaThread "Attach Listener" daemon [_thread_blocked, id=13156, stack(0x000000035aa00000,0x000000035ab00000)]
  0x0000010f453fb0f0 JavaThread "Service Thread" daemon [_thread_blocked, id=15396, stack(0x000000035ab00000,0x000000035ac00000)]
  0x0000010f453fd9d0 JavaThread "Monitor Deflation Thread" daemon [_thread_blocked, id=11812, stack(0x000000035ac00000,0x000000035ad00000)]
  0x0000010f454089f0 JavaThread "C2 CompilerThread0" daemon [_thread_blocked, id=2700, stack(0x000000035ad00000,0x000000035ae00000)]
  0x0000010f45409300 JavaThread "C1 CompilerThread0" daemon [_thread_blocked, id=13316, stack(0x000000035ae00000,0x000000035af00000)]
  0x0000010f45409c10 JavaThread "Sweeper thread" daemon [_thread_blocked, id=11776, stack(0x000000035af00000,0x000000035b000000)]
  0x0000010f449fa720 JavaThread "Common-Cleaner" daemon [_thread_blocked, id=21752, stack(0x000000035b000000,0x000000035b100000)]
  0x0000010f455fe8e0 JavaThread "Notification Thread" daemon [_thread_blocked, id=22016, stack(0x000000035b100000,0x000000035b200000)]
  0x0000010f8bcce270 JavaThread "Daemon health stats" [_thread_blocked, id=10016, stack(0x000000035b900000,0x000000035ba00000)]
  0x0000010f8ca83040 JavaThread "Incoming local TCP Connector on port 60495" [_thread_in_native, id=18368, stack(0x000000035ba00000,0x000000035bb00000)]
  0x0000010f8c9dde10 JavaThread "Daemon periodic checks" [_thread_blocked, id=11344, stack(0x000000035bb00000,0x000000035bc00000)]
  0x0000010f8b9f3510 JavaThread "Daemon" [_thread_blocked, id=11268, stack(0x000000035bc00000,0x000000035bd00000)]
  0x0000010f8cb86990 JavaThread "Handler for socket connection from /127.0.0.1:60495 to /127.0.0.1:60496" [_thread_in_native, id=5032, stack(0x000000035bd00000,0x000000035be00000)]
  0x0000010f8cc0b5a0 JavaThread "Cancel handler" [_thread_blocked, id=24188, stack(0x000000035be00000,0x000000035bf00000)]
  0x0000010f8cc0ab80 JavaThread "Daemon worker" [_thread_blocked, id=19140, stack(0x000000035bf00000,0x000000035c000000)]
  0x0000010f8cc0b090 JavaThread "Asynchronous log dispatcher for DefaultDaemonConnection: socket connection from /127.0.0.1:60495 to /127.0.0.1:60496" [_thread_blocked, id=17092, stack(0x000000035c000000,0x000000035c100000)]
  0x0000010f8cc0e330 JavaThread "Stdin handler" [_thread_blocked, id=18512, stack(0x000000035c100000,0x000000035c200000)]
  0x0000010f8cc0bab0 JavaThread "Daemon client event forwarder" [_thread_blocked, id=16808, stack(0x000000035c200000,0x000000035c300000)]
  0x0000010f8cc0d910 JavaThread "Cache worker for journal cache (C:\Users\karth\.gradle\caches\journal-1)" [_thread_blocked, id=4964, stack(0x000000035c400000,0x000000035c500000)]
  0x0000010f8cc0de20 JavaThread "File lock request listener" [_thread_in_native, id=2344, stack(0x000000035c500000,0x000000035c600000)]
  0x0000010f8cc0bfc0 JavaThread "Cache worker for file hash cache (C:\Users\karth\.gradle\caches\8.13\fileHashes)" [_thread_blocked, id=10688, stack(0x000000035c600000,0x000000035c700000)]
  0x0000010f8cc0d400 JavaThread "Cache worker for file hash cache (E:\Revamp\lauditorv3_revamp\.gradle\8.13\fileHashes)" [_thread_blocked, id=20820, stack(0x000000035c700000,0x000000035c800000)]
  0x0000010f8cc0c9e0 JavaThread "Cache worker for Build Output Cleanup Cache (E:\Revamp\lauditorv3_revamp\.gradle\buildOutputCleanup)" [_thread_blocked, id=5988, stack(0x000000035c800000,0x000000035c900000)]
  0x0000010f8cc0cef0 JavaThread "File watcher server" daemon [_thread_blocked, id=14404, stack(0x000000035ce00000,0x000000035cf00000)]
  0x0000010f8d1feec0 JavaThread "File watcher consumer" daemon [_thread_blocked, id=10068, stack(0x000000035cf00000,0x000000035d000000)]
  0x0000010f8d1fdf90 JavaThread "jar transforms" [_thread_blocked, id=18412, stack(0x000000035d100000,0x000000035d200000)]
  0x0000010f8d1fda80 JavaThread "Cache worker for checksums cache (E:\Revamp\lauditorv3_revamp\.gradle\8.13\checksums)" [_thread_blocked, id=10592, stack(0x000000035d200000,0x000000035d300000)]
  0x0000010f8d1ff3d0 JavaThread "Cache worker for file content cache (C:\Users\karth\.gradle\caches\8.13\fileContent)" [_thread_blocked, id=21428, stack(0x000000035d300000,0x000000035d400000)]
  0x0000010f8d200300 JavaThread "Cache worker for cache directory md-supplier (C:\Users\karth\.gradle\caches\8.13\md-supplier)" [_thread_blocked, id=5708, stack(0x000000035d400000,0x000000035d500000)]
  0x0000010f8d200810 JavaThread "Cache worker for cache directory md-rule (C:\Users\karth\.gradle\caches\8.13\md-rule)" [_thread_blocked, id=1152, stack(0x000000035d500000,0x000000035d600000)]
  0x0000010f8d1ffdf0 JavaThread "jar transforms Thread 2" [_thread_blocked, id=1536, stack(0x000000035d600000,0x000000035d700000)]
  0x0000010f8d1ff8e0 JavaThread "Problems report writer" [_thread_blocked, id=24504, stack(0x000000035d700000,0x000000035d800000)]
  0x0000010f8d200d20 JavaThread "jar transforms Thread 3" [_thread_blocked, id=17024, stack(0x000000035d800000,0x000000035d900000)]
  0x0000010f8d1fd570 JavaThread "Unconstrained build operations" [_thread_blocked, id=5404, stack(0x000000035d900000,0x000000035da00000)]
  0x0000010f8d2044d0 JavaThread "Unconstrained build operations Thread 2" [_thread_blocked, id=12852, stack(0x000000035da00000,0x000000035db00000)]
  0x0000010f8d2049e0 JavaThread "Unconstrained build operations Thread 3" [_thread_blocked, id=19164, stack(0x000000035db00000,0x000000035dc00000)]
  0x0000010f8d203fc0 JavaThread "Unconstrained build operations Thread 4" [_thread_blocked, id=2856, stack(0x000000035dc00000,0x000000035dd00000)]
  0x0000010f8d201230 JavaThread "Unconstrained build operations Thread 5" [_thread_blocked, id=15244, stack(0x000000035dd00000,0x000000035de00000)]
  0x0000010f8d203090 JavaThread "Unconstrained build operations Thread 6" [_thread_blocked, id=15132, stack(0x000000035de00000,0x000000035df00000)]
  0x0000010f8d2035a0 JavaThread "Unconstrained build operations Thread 7" [_thread_blocked, id=7300, stack(0x000000035df00000,0x000000035e000000)]
  0x0000010f8d201740 JavaThread "Unconstrained build operations Thread 8" [_thread_blocked, id=10104, stack(0x000000035e000000,0x000000035e100000)]
  0x0000010f8d203ab0 JavaThread "Unconstrained build operations Thread 9" [_thread_blocked, id=18000, stack(0x000000035e100000,0x000000035e200000)]
  0x0000010f8d202b80 JavaThread "Unconstrained build operations Thread 10" [_thread_blocked, id=21840, stack(0x000000035e200000,0x000000035e300000)]
  0x0000010f8d201c50 JavaThread "Unconstrained build operations Thread 11" [_thread_blocked, id=14240, stack(0x000000035e300000,0x000000035e400000)]
  0x0000010f449f81d0 JavaThread "Unconstrained build operations Thread 12" [_thread_blocked, id=1596, stack(0x000000035e400000,0x000000035e500000)]
  0x0000010f90a5abb0 JavaThread "Unconstrained build operations Thread 13" [_thread_blocked, id=15732, stack(0x000000035e500000,0x000000035e600000)]
  0x0000010f90a59770 JavaThread "Unconstrained build operations Thread 14" [_thread_blocked, id=5432, stack(0x000000035e600000,0x000000035e700000)]
  0x0000010f90a5b0c0 JavaThread "Unconstrained build operations Thread 15" [_thread_blocked, id=5564, stack(0x000000035e700000,0x000000035e800000)]
  0x0000010f90a5a190 JavaThread "Unconstrained build operations Thread 16" [_thread_blocked, id=17704, stack(0x000000035e800000,0x000000035e900000)]
  0x0000010f90a5a6a0 JavaThread "Unconstrained build operations Thread 17" [_thread_blocked, id=11668, stack(0x000000035e900000,0x000000035ea00000)]
  0x0000010f8cfb4f00 JavaThread "Unconstrained build operations Thread 18" [_thread_blocked, id=12728, stack(0x000000035ea00000,0x000000035eb00000)]
  0x0000010f8cfb5410 JavaThread "Unconstrained build operations Thread 19" [_thread_blocked, id=16564, stack(0x000000035eb00000,0x000000035ec00000)]
  0x0000010f8cfb44e0 JavaThread "Unconstrained build operations Thread 20" [_thread_blocked, id=13552, stack(0x000000035ec00000,0x000000035ed00000)]
  0x0000010f8d202160 JavaThread "Unconstrained build operations Thread 21" [_thread_blocked, id=23084, stack(0x000000035ed00000,0x000000035ee00000)]
  0x0000010f8d202670 JavaThread "Unconstrained build operations Thread 22" [_thread_blocked, id=22664, stack(0x000000035ee00000,0x000000035ef00000)]
  0x0000010f8f1f2400 JavaThread "Unconstrained build operations Thread 23" [_thread_blocked, id=6900, stack(0x000000035ef00000,0x000000035f000000)]
  0x0000010f8f1f3840 JavaThread "Unconstrained build operations Thread 24" [_thread_blocked, id=15008, stack(0x000000035f000000,0x000000035f100000)]
  0x0000010f8f1f3d50 JavaThread "Unconstrained build operations Thread 25" [_thread_blocked, id=12408, stack(0x000000035f100000,0x000000035f200000)]
  0x0000010f8f1f5190 JavaThread "Unconstrained build operations Thread 26" [_thread_blocked, id=22908, stack(0x000000035f200000,0x000000035f300000)]
  0x0000010f8f1f2910 JavaThread "Unconstrained build operations Thread 27" [_thread_blocked, id=16296, stack(0x000000035f300000,0x000000035f400000)]
  0x0000010f8f1f2e20 JavaThread "Unconstrained build operations Thread 28" [_thread_blocked, id=15336, stack(0x000000035f400000,0x000000035f500000)]
  0x0000010f8f1f5bb0 JavaThread "Unconstrained build operations Thread 29" [_thread_blocked, id=12440, stack(0x000000035f500000,0x000000035f600000)]
  0x0000010f8f1f3330 JavaThread "Unconstrained build operations Thread 30" [_thread_blocked, id=22516, stack(0x000000035f600000,0x000000035f700000)]
  0x0000010f8f1f4260 JavaThread "Unconstrained build operations Thread 31" [_thread_blocked, id=11408, stack(0x000000035f700000,0x000000035f800000)]
  0x0000010f8f1f4770 JavaThread "Unconstrained build operations Thread 32" [_thread_blocked, id=19028, stack(0x000000035f800000,0x000000035f900000)]
  0x0000010f8f1f4c80 JavaThread "Unconstrained build operations Thread 33" [_thread_blocked, id=9032, stack(0x000000035f900000,0x000000035fa00000)]
  0x0000010f454493a0 JavaThread "jar transforms Thread 4" [_thread_blocked, id=23724, stack(0x000000035fa00000,0x000000035fb00000)]
  0x0000010f45448470 JavaThread "jar transforms Thread 5" [_thread_blocked, id=11980, stack(0x000000035fb00000,0x000000035fc00000)]
  0x0000010f8ec58890 JavaThread "Memory manager" [_thread_blocked, id=4240, stack(0x000000035fc00000,0x000000035fd00000)]
  0x0000010f91710bb0 JavaThread "build event listener" [_thread_blocked, id=14260, stack(0x000000035fd00000,0x000000035fe00000)]
  0x0000010f8e221b00 JavaThread "jar transforms Thread 6" [_thread_blocked, id=7132, stack(0x000000035fe00000,0x000000035ff00000)]
  0x0000010f91711ff0 JavaThread "pool-3-thread-1" [_thread_blocked, id=6264, stack(0x000000035ff00000,0x0000000360000000)]
  0x0000010f917110c0 JavaThread "build event listener" [_thread_blocked, id=4120, stack(0x0000000360000000,0x0000000360100000)]
  0x0000010f917106a0 JavaThread "included builds" [_thread_blocked, id=6632, stack(0x0000000360100000,0x0000000360200000)]
  0x0000010f449f6880 JavaThread "Execution worker" [_thread_blocked, id=9892, stack(0x0000000360200000,0x0000000360300000)]
  0x0000010f449f6d90 JavaThread "Execution worker Thread 2" [_thread_blocked, id=11380, stack(0x0000000360300000,0x0000000360400000)]
  0x0000010f449f72a0 JavaThread "Execution worker Thread 3" [_thread_blocked, id=14316, stack(0x0000000360400000,0x0000000360500000)]
  0x0000010f90f90f40 JavaThread "Execution worker Thread 4" [_thread_blocked, id=24108, stack(0x0000000360500000,0x0000000360600000)]
  0x0000010f90f90a30 JavaThread "Execution worker Thread 5" [_thread_blocked, id=14628, stack(0x0000000360600000,0x0000000360700000)]
  0x0000010f90f8f0e0 JavaThread "Execution worker Thread 6" [_thread_blocked, id=15780, stack(0x0000000360700000,0x0000000360800000)]
  0x0000010f8e242a70 JavaThread "Execution worker Thread 7" [_thread_blocked, id=7760, stack(0x0000000360800000,0x0000000360900000)]
  0x0000010f8e242560 JavaThread "Execution worker Thread 8" [_thread_blocked, id=19384, stack(0x0000000360900000,0x0000000360a00000)]
  0x0000010f8e242050 JavaThread "Execution worker Thread 9" [_thread_blocked, id=20848, stack(0x0000000360a00000,0x0000000360b00000)]
  0x0000010f8e242f80 JavaThread "Execution worker Thread 10" [_thread_blocked, id=21032, stack(0x0000000360b00000,0x0000000360c00000)]
  0x0000010f92734e80 JavaThread "Execution worker Thread 11" [_thread_blocked, id=23732, stack(0x0000000360c00000,0x0000000360d00000)]
  0x0000010f9048f190 JavaThread "Cache worker for execution history cache (E:\Revamp\lauditorv3_revamp\.gradle\8.13\executionHistory)" [_thread_blocked, id=15900, stack(0x0000000360d00000,0x0000000360e00000)]
  0x0000010f904900c0 JavaThread "Unconstrained build operations Thread 34" [_thread_blocked, id=12204, stack(0x0000000360e00000,0x0000000360f00000)]
  0x0000010f9048e770 JavaThread "Unconstrained build operations Thread 35" [_thread_blocked, id=24524, stack(0x0000000360f00000,0x0000000361000000)]
  0x0000010f9048ec80 JavaThread "Unconstrained build operations Thread 36" [_thread_blocked, id=17168, stack(0x0000000361000000,0x0000000361100000)]
  0x0000010f9048fbb0 JavaThread "Unconstrained build operations Thread 37" [_thread_blocked, id=17604, stack(0x0000000361100000,0x0000000361200000)]
  0x0000010f9048f6a0 JavaThread "Unconstrained build operations Thread 38" [_thread_blocked, id=7296, stack(0x0000000361200000,0x0000000361300000)]
  0x0000010f8d41fd00 JavaThread "Unconstrained build operations Thread 39" [_thread_blocked, id=13996, stack(0x0000000361300000,0x0000000361400000)]
  0x0000010f8d41e8c0 JavaThread "Unconstrained build operations Thread 40" [_thread_blocked, id=14016, stack(0x0000000361400000,0x0000000361500000)]
  0x0000010f8d421b60 JavaThread "Unconstrained build operations Thread 41" [_thread_blocked, id=23120, stack(0x0000000361500000,0x0000000361600000)]
  0x0000010f8d421650 JavaThread "Unconstrained build operations Thread 42" [_thread_blocked, id=13980, stack(0x0000000361600000,0x0000000361700000)]
  0x0000010f912f33d0 JavaThread "Unconstrained build operations Thread 43" [_thread_blocked, id=9284, stack(0x0000000361700000,0x0000000361800000)]
  0x0000010f912f3df0 JavaThread "Unconstrained build operations Thread 44" [_thread_blocked, id=14556, stack(0x0000000361800000,0x0000000361900000)]
  0x0000010f8cc0a590 JavaThread "Unconstrained build operations Thread 45" [_thread_blocked, id=3916, stack(0x0000000361900000,0x0000000361a00000)]
  0x0000010f8cc09b70 JavaThread "Unconstrained build operations Thread 46" [_thread_blocked, id=6736, stack(0x0000000361a00000,0x0000000361b00000)]
  0x0000010f8cc0a080 JavaThread "Unconstrained build operations Thread 47" [_thread_blocked, id=7152, stack(0x0000000361b00000,0x0000000361c00000)]
  0x0000010f8dfb5cb0 JavaThread "Unconstrained build operations Thread 48" [_thread_blocked, id=9292, stack(0x0000000361c00000,0x0000000361d00000)]
  0x0000010f8dfb61c0 JavaThread "Unconstrained build operations Thread 49" [_thread_blocked, id=2156, stack(0x0000000361d00000,0x0000000361e00000)]
  0x0000010f8dfb8020 JavaThread "Unconstrained build operations Thread 50" [_thread_blocked, id=15404, stack(0x0000000361e00000,0x0000000361f00000)]
  0x0000010f912f4300 JavaThread "Unconstrained build operations Thread 51" [_thread_blocked, id=13476, stack(0x0000000361f00000,0x0000000362000000)]
  0x0000010f912f38e0 JavaThread "Unconstrained build operations Thread 52" [_thread_blocked, id=23860, stack(0x0000000362000000,0x0000000362100000)]
  0x0000010f912f4810 JavaThread "Unconstrained build operations Thread 53" [_thread_blocked, id=14284, stack(0x0000000362100000,0x0000000362200000)]
  0x0000010f912f4d20 JavaThread "Unconstrained build operations Thread 54" [_thread_blocked, id=18200, stack(0x0000000362200000,0x0000000362300000)]
  0x0000010f456df8c0 JavaThread "Unconstrained build operations Thread 55" [_thread_blocked, id=17532, stack(0x0000000362300000,0x0000000362400000)]
  0x0000010f90f90010 JavaThread "Unconstrained build operations Thread 56" [_thread_blocked, id=20592, stack(0x0000000362400000,0x0000000362500000)]
  0x0000010f90f92380 JavaThread "Unconstrained build operations Thread 57" [_thread_blocked, id=2228, stack(0x0000000362500000,0x0000000362600000)]
  0x0000010f90f90520 JavaThread "Unconstrained build operations Thread 58" [_thread_blocked, id=18652, stack(0x0000000362600000,0x0000000362700000)]
  0x0000010f90f91450 JavaThread "Unconstrained build operations Thread 59" [_thread_blocked, id=2880, stack(0x0000000362700000,0x0000000362800000)]
  0x0000010f90f8fb00 JavaThread "Unconstrained build operations Thread 60" [_thread_blocked, id=22228, stack(0x0000000362800000,0x0000000362900000)]
  0x0000010f456e1210 JavaThread "Unconstrained build operations Thread 61" [_thread_blocked, id=9716, stack(0x0000000362900000,0x0000000362a00000)]
  0x0000010f456de990 JavaThread "Unconstrained build operations Thread 62" [_thread_blocked, id=18220, stack(0x0000000362a00000,0x0000000362b00000)]
  0x0000010f456dda60 JavaThread "Unconstrained build operations Thread 63" [_thread_blocked, id=9108, stack(0x0000000362b00000,0x0000000362c00000)]
  0x0000010f456e07f0 JavaThread "Unconstrained build operations Thread 64" [_thread_blocked, id=13524, stack(0x0000000362c00000,0x0000000362d00000)]
  0x0000010f456dfdd0 JavaThread "Unconstrained build operations Thread 65" [_thread_blocked, id=23004, stack(0x0000000362d00000,0x0000000362e00000)]
  0x0000010f456de480 JavaThread "Unconstrained build operations Thread 66" [_thread_blocked, id=20616, stack(0x0000000362e00000,0x0000000362f00000)]
  0x0000010f90f91960 JavaThread "Unconstrained build operations Thread 67" [_thread_blocked, id=19600, stack(0x0000000362f00000,0x0000000363000000)]
  0x0000010f45447540 JavaThread "Unconstrained build operations Thread 68" [_thread_blocked, id=21836, stack(0x0000000363000000,0x0000000363100000)]
  0x0000010f45448e90 JavaThread "Unconstrained build operations Thread 69" [_thread_blocked, id=19292, stack(0x0000000363100000,0x0000000363200000)]
  0x0000010f45449dc0 JavaThread "Unconstrained build operations Thread 70" [_thread_blocked, id=14004, stack(0x0000000363200000,0x0000000363300000)]
  0x0000010f454498b0 JavaThread "Unconstrained build operations Thread 71" [_thread_blocked, id=23060, stack(0x0000000363300000,0x0000000363400000)]
  0x0000010f45447f60 JavaThread "Unconstrained build operations Thread 72" [_thread_blocked, id=7388, stack(0x0000000363400000,0x0000000363500000)]
  0x0000010f45446b20 JavaThread "Unconstrained build operations Thread 73" [_thread_blocked, id=15940, stack(0x0000000363500000,0x0000000363600000)]
  0x0000010f90f91e70 JavaThread "Unconstrained build operations Thread 74" [_thread_blocked, id=18888, stack(0x0000000363600000,0x0000000363700000)]
  0x0000010f90f8ebd0 JavaThread "Unconstrained build operations Thread 75" [_thread_blocked, id=9784, stack(0x0000000363700000,0x0000000363800000)]
  0x0000010f90f8f5f0 JavaThread "Unconstrained build operations Thread 76" [_thread_blocked, id=2584, stack(0x0000000363800000,0x0000000363900000)]
  0x0000010f8e2fc080 JavaThread "Unconstrained build operations Thread 77" [_thread_blocked, id=4036, stack(0x0000000363900000,0x0000000363a00000)]
  0x0000010f8e2206c0 JavaThread "Unconstrained build operations Thread 78" [_thread_blocked, id=24544, stack(0x0000000363a00000,0x0000000363b00000)]
  0x0000010f8e076de0 JavaThread "Unconstrained build operations Thread 79" [_thread_blocked, id=4492, stack(0x0000000363b00000,0x0000000363c00000)]
  0x0000010f8e0772f0 JavaThread "Unconstrained build operations Thread 80" [_thread_blocked, id=2944, stack(0x0000000363c00000,0x0000000363d00000)]
  0x0000010f8e078730 JavaThread "Unconstrained build operations Thread 81" [_thread_blocked, id=19284, stack(0x0000000363d00000,0x0000000363e00000)]
  0x0000010f8e074f80 JavaThread "Unconstrained build operations Thread 82" [_thread_blocked, id=23296, stack(0x0000000363e00000,0x0000000363f00000)]
  0x0000010f8e075490 JavaThread "Unconstrained build operations Thread 83" [_thread_blocked, id=3180, stack(0x0000000363f00000,0x0000000364000000)]
  0x0000010f8e0759a0 JavaThread "Unconstrained build operations Thread 84" [_thread_blocked, id=11592, stack(0x0000000364000000,0x0000000364100000)]
  0x0000010f8e077800 JavaThread "Unconstrained build operations Thread 85" [_thread_blocked, id=11288, stack(0x0000000364100000,0x0000000364200000)]
  0x0000010f8e075eb0 JavaThread "Unconstrained build operations Thread 86" [_thread_blocked, id=7504, stack(0x0000000364200000,0x0000000364300000)]
  0x0000010f8e077d10 JavaThread "Unconstrained build operations Thread 87" [_thread_blocked, id=11596, stack(0x0000000364300000,0x0000000364400000)]
  0x0000010f8e0768d0 JavaThread "Unconstrained build operations Thread 88" [_thread_blocked, id=17580, stack(0x0000000364400000,0x0000000364500000)]
  0x0000010f8e0763c0 JavaThread "Unconstrained build operations Thread 89" [_thread_blocked, id=13508, stack(0x0000000364500000,0x0000000364600000)]
  0x0000010f456e0d00 JavaThread "WorkerExecutor Queue" [_thread_blocked, id=3836, stack(0x0000000364600000,0x0000000364700000)]
  0x0000010f8e220bd0 JavaThread "Unconstrained build operations Thread 90" [_thread_blocked, id=23188, stack(0x0000000364700000,0x0000000364800000)]
  0x0000010f8f97f4f0 JavaThread "Unconstrained build operations Thread 91" [_thread_blocked, id=23824, stack(0x0000000364800000,0x0000000364900000)]
  0x0000010f8f97d180 JavaThread "Unconstrained build operations Thread 92" [_thread_blocked, id=23160, stack(0x0000000364900000,0x0000000364a00000)]
  0x0000010f8f97e0b0 JavaThread "Unconstrained build operations Thread 93" [_thread_blocked, id=17028, stack(0x0000000364a00000,0x0000000364b00000)]
  0x0000010f8f97e5c0 JavaThread "Unconstrained build operations Thread 94" [_thread_blocked, id=3892, stack(0x0000000364b00000,0x0000000364c00000)]
  0x0000010f8f97c760 JavaThread "Unconstrained build operations Thread 95" [_thread_blocked, id=17576, stack(0x0000000364c00000,0x0000000364d00000)]
  0x0000010f8f97ead0 JavaThread "Unconstrained build operations Thread 96" [_thread_blocked, id=18684, stack(0x0000000364d00000,0x0000000364e00000)]
  0x0000010f8f97d690 JavaThread "Unconstrained build operations Thread 97" [_thread_blocked, id=15844, stack(0x0000000364e00000,0x0000000364f00000)]
  0x0000010f8f97efe0 JavaThread "Unconstrained build operations Thread 98" [_thread_blocked, id=20632, stack(0x0000000364f00000,0x0000000365000000)]
  0x0000010f45447a50 JavaThread "Unconstrained build operations Thread 99" [_thread_blocked, id=5128, stack(0x0000000365000000,0x0000000365100000)]
  0x0000010f8e27c680 JavaThread "Unconstrained build operations Thread 100" [_thread_blocked, id=14620, stack(0x0000000365100000,0x0000000365200000)]
  0x0000010f8e27d0a0 JavaThread "Unconstrained build operations Thread 101" [_thread_blocked, id=10880, stack(0x0000000365200000,0x0000000365300000)]
  0x0000010f8e27dac0 JavaThread "Unconstrained build operations Thread 102" [_thread_blocked, id=20284, stack(0x0000000365300000,0x0000000365400000)]
  0x0000010f8e27c170 JavaThread "Unconstrained build operations Thread 103" [_thread_blocked, id=16448, stack(0x0000000365400000,0x0000000365500000)]
  0x0000010f8e27f920 JavaThread "Unconstrained build operations Thread 104" [_thread_blocked, id=20756, stack(0x0000000365500000,0x0000000365600000)]
  0x0000010f8f97fa00 JavaThread "Unconstrained build operations Thread 105" [_thread_blocked, id=2480, stack(0x0000000365600000,0x0000000365700000)]
  0x0000010f8dfb4870 JavaThread "Unconstrained build operations Thread 106" [_thread_blocked, id=17228, stack(0x0000000365700000,0x0000000365800000)]
  0x0000010f93131a00 JavaThread "Unconstrained build operations Thread 107" [_thread_blocked, id=18984, stack(0x0000000365800000,0x0000000365900000)]
  0x0000010f93130fe0 JavaThread "Unconstrained build operations Thread 108" [_thread_blocked, id=17648, stack(0x0000000365900000,0x0000000365a00000)]
  0x0000010f93131f10 JavaThread "Unconstrained build operations Thread 109" [_thread_blocked, id=1624, stack(0x0000000365a00000,0x0000000365b00000)]
  0x0000010f931314f0 JavaThread "Unconstrained build operations Thread 110" [_thread_blocked, id=3648, stack(0x0000000365b00000,0x0000000365c00000)]
  0x0000010f9312f690 JavaThread "Unconstrained build operations Thread 111" [_thread_blocked, id=10164, stack(0x0000000365c00000,0x0000000365d00000)]
  0x0000010f93132420 JavaThread "Unconstrained build operations Thread 112" [_thread_blocked, id=17672, stack(0x0000000365d00000,0x0000000365e00000)]
  0x0000010f93132930 JavaThread "Unconstrained build operations Thread 113" [_thread_blocked, id=1872, stack(0x0000000365e00000,0x0000000365f00000)]
  0x0000010f93132e40 JavaThread "Unconstrained build operations Thread 114" [_thread_blocked, id=9180, stack(0x0000000365f00000,0x0000000366000000)]
  0x0000010f931300b0 JavaThread "Unconstrained build operations Thread 115" [_thread_blocked, id=17720, stack(0x0000000366000000,0x0000000366100000)]
  0x0000010f9312fba0 JavaThread "Unconstrained build operations Thread 116" [_thread_blocked, id=23468, stack(0x0000000366100000,0x0000000366200000)]
  0x0000010f931305c0 JavaThread "Unconstrained build operations Thread 117" [_thread_blocked, id=10420, stack(0x0000000366200000,0x0000000366300000)]
  0x0000010f8dfb4d80 JavaThread "Unconstrained build operations Thread 118" [_thread_blocked, id=9056, stack(0x0000000366300000,0x0000000366400000)]
  0x0000010f8dfb5290 JavaThread "Unconstrained build operations Thread 119" [_thread_blocked, id=21696, stack(0x0000000366400000,0x0000000366500000)]
  0x0000010f8dfb57a0 JavaThread "Unconstrained build operations Thread 120" [_thread_blocked, id=13712, stack(0x0000000366500000,0x0000000366600000)]
  0x0000010f456deea0 JavaThread "WorkerExecutor Queue Thread 2" [_thread_blocked, id=22976, stack(0x0000000366600000,0x0000000366700000)]
  0x0000010f8e078220 JavaThread "pool-4-thread-1" [_thread_blocked, id=21744, stack(0x0000000366700000,0x0000000366800000)]
  0x0000010f92dc8420 JavaThread "stderr" [_thread_in_native, id=11688, stack(0x0000000366800000,0x0000000366900000)]
  0x0000010f92dc6fe0 JavaThread "stdout" [_thread_in_native, id=12668, stack(0x0000000366900000,0x0000000366a00000)]
  0x0000010f8d41edd0 JavaThread "WorkerExecutor Queue Thread 3" [_thread_blocked, id=10560, stack(0x0000000366d00000,0x0000000366e00000)]
  0x0000010f915a80f0 JavaThread "RMI Scheduler(0)" daemon [_thread_blocked, id=23744, stack(0x0000000366e00000,0x0000000366f00000)]
  0x0000010f915a5870 JavaThread "RMI GC Daemon" daemon [_thread_blocked, id=15188, stack(0x0000000367000000,0x0000000367100000)]
  0x0000010f915a4e50 JavaThread "RMI TCP Accept-0" daemon [_thread_in_native, id=12888, stack(0x0000000367100000,0x0000000367200000)]
  0x0000010f915a5360 JavaThread "RMI Reaper" [_thread_blocked, id=11900, stack(0x0000000367200000,0x0000000367300000)]
  0x0000010f92dc8930 JavaThread "RMI TCP Connection(2)-127.0.0.1" daemon [_thread_in_native, id=18224, stack(0x0000000367300000,0x0000000367400000)]
  0x0000010f456ddf70 JavaThread "Cache worker for Java compile cache (C:\Users\karth\.gradle\caches\8.13\javaCompile)" [_thread_blocked, id=1836, stack(0x0000000359e00000,0x0000000359f00000)]
  0x0000010f456df3b0 JavaThread "Build operations" [_thread_blocked, id=18148, stack(0x0000000359f00000,0x000000035a000000)]
  0x0000010f8dfb6be0 JavaThread "Build operations Thread 2" [_thread_blocked, id=21884, stack(0x000000035c300000,0x000000035c400000)]
  0x0000010f8dfb66d0 JavaThread "Build operations Thread 3" [_thread_blocked, id=23888, stack(0x0000000366a00000,0x0000000366b00000)]
  0x0000010f8dfb70f0 JavaThread "Build operations Thread 4" [_thread_blocked, id=12500, stack(0x0000000366f00000,0x0000000367000000)]
  0x0000010f8dfb7600 JavaThread "Build operations Thread 5" [_thread_blocked, id=20396, stack(0x0000000367400000,0x0000000367500000)]
  0x0000010f8dfb7b10 JavaThread "Build operations Thread 6" [_thread_blocked, id=12740, stack(0x0000000367500000,0x0000000367600000)]
  0x0000010f8f857240 JavaThread "Build operations Thread 7" [_thread_blocked, id=17204, stack(0x0000000367600000,0x0000000367700000)]
  0x0000010f8f8590a0 JavaThread "Build operations Thread 8" [_thread_blocked, id=23336, stack(0x0000000367700000,0x0000000367800000)]
  0x0000010f8f859fd0 JavaThread "Build operations Thread 9" [_thread_blocked, id=9992, stack(0x0000000367800000,0x0000000367900000)]
  0x0000010f8f859ac0 JavaThread "Build operations Thread 10" [_thread_blocked, id=18424, stack(0x0000000367900000,0x0000000367a00000)]
  0x0000010f8f857750 JavaThread "Build operations Thread 11" [_thread_blocked, id=14872, stack(0x0000000367a00000,0x0000000367b00000)]
  0x0000010f8e2fe3f0 JavaThread "WorkerExecutor Queue Thread 4" [_thread_blocked, id=4000, stack(0x0000000359d00000,0x0000000359e00000)]
  0x0000010f8e2fc590 JavaThread "WorkerExecutor Queue Thread 5" [_thread_blocked, id=2888, stack(0x0000000367b00000,0x0000000367c00000)]
  0x0000010f8e2fe900 JavaThread "WorkerExecutor Queue Thread 6" [_thread_blocked, id=8220, stack(0x0000000367c00000,0x0000000367d00000)]
  0x0000010f8e2fcfb0 JavaThread "WorkerExecutor Queue Thread 7" [_thread_blocked, id=22060, stack(0x0000000367d00000,0x0000000367e00000)]
  0x0000010f8e2fd9d0 JavaThread "WorkerExecutor Queue Thread 8" [_thread_blocked, id=11604, stack(0x0000000367e00000,0x0000000367f00000)]
  0x0000010f8e2fee10 JavaThread "WorkerExecutor Queue Thread 9" [_thread_blocked, id=9064, stack(0x0000000367f00000,0x0000000368000000)]
  0x0000010f8e2fdee0 JavaThread "WorkerExecutor Queue Thread 10" [_thread_blocked, id=5740, stack(0x0000000368000000,0x0000000368100000)]
  0x0000010f92e63b00 JavaThread "C2 CompilerThread1" daemon [_thread_blocked, id=22164, stack(0x0000000368100000,0x0000000368200000)]
  0x0000010f8e27e4e0 JavaThread "WorkerExecutor Queue Thread 11" [_thread_blocked, id=17856, stack(0x0000000368200000,0x0000000368300000)]
  0x0000010f8e27dfd0 JavaThread "WorkerExecutor Queue Thread 12" [_thread_blocked, id=17108, stack(0x0000000368300000,0x0000000368400000)]

Other Threads:
=>0x0000010f449fe9f0 VMThread "VM Thread" [stack: 0x000000035a600000,0x000000035a700000] [id=16400]
  0x0000010f2607f830 WatcherThread [stack: 0x000000035b200000,0x000000035b300000] [id=5320]
  0x0000010f260ec6b0 GCTaskThread "GC Thread#0" [stack: 0x000000035a100000,0x000000035a200000] [id=4684]
  0x0000010f8b0b8970 GCTaskThread "GC Thread#1" [stack: 0x000000035b400000,0x000000035b500000] [id=976]
  0x0000010f8b233fe0 GCTaskThread "GC Thread#2" [stack: 0x000000035b500000,0x000000035b600000] [id=3040]
  0x0000010f8b49fd30 GCTaskThread "GC Thread#3" [stack: 0x000000035b600000,0x000000035b700000] [id=13080]
  0x0000010f8b49fff0 GCTaskThread "GC Thread#4" [stack: 0x000000035b700000,0x000000035b800000] [id=14720]
  0x0000010f8be36870 GCTaskThread "GC Thread#5" [stack: 0x000000035b300000,0x000000035b400000] [id=632]
  0x0000010f8be36df0 GCTaskThread "GC Thread#6" [stack: 0x000000035b800000,0x000000035b900000] [id=13884]
  0x0000010f8be365b0 GCTaskThread "GC Thread#7" [stack: 0x000000035c900000,0x000000035ca00000] [id=24432]
  0x0000010f8be36030 GCTaskThread "GC Thread#8" [stack: 0x000000035ca00000,0x000000035cb00000] [id=6528]
  0x0000010f8be35d70 GCTaskThread "GC Thread#9" [stack: 0x000000035cb00000,0x000000035cc00000] [id=4540]
  0x0000010f260fd670 ConcurrentGCThread "G1 Main Marker" [stack: 0x000000035a200000,0x000000035a300000] [id=22896]
  0x0000010f260ff9c0 ConcurrentGCThread "G1 Conc#0" [stack: 0x000000035a300000,0x000000035a400000] [id=23536]
  0x0000010f8be362f0 ConcurrentGCThread "G1 Conc#1" [stack: 0x000000035cc00000,0x000000035cd00000] [id=15076]
  0x0000010f8cd2a5d0 ConcurrentGCThread "G1 Conc#2" [stack: 0x000000035cd00000,0x000000035ce00000] [id=2528]
  0x0000010f2612e210 ConcurrentGCThread "G1 Refine#0" [stack: 0x000000035a400000,0x000000035a500000] [id=15840]
  0x0000010f8eefce60 ConcurrentGCThread "G1 Refine#1" [stack: 0x000000035d000000,0x000000035d100000] [id=5076]
  0x0000010f92c0e4e0 ConcurrentGCThread "G1 Refine#2" [stack: 0x0000000368400000,0x0000000368500000] [id=22556]
  0x0000010f90cd9750 ConcurrentGCThread "G1 Refine#3" [stack: 0x0000000368500000,0x0000000368600000] [id=6304]
  0x0000010f8dfdba90 ConcurrentGCThread "G1 Refine#4" [stack: 0x0000000368600000,0x0000000368700000] [id=14760]
  0x0000010f8fa11c40 ConcurrentGCThread "G1 Refine#5" [stack: 0x0000000368700000,0x0000000368800000] [id=7764]
  0x0000010f917fd200 ConcurrentGCThread "G1 Refine#6" [stack: 0x0000000368800000,0x0000000368900000] [id=13704]
  0x0000010f8f2ef780 ConcurrentGCThread "G1 Refine#7" [stack: 0x0000000368900000,0x0000000368a00000] [id=17100]
  0x0000010f2612e9f0 ConcurrentGCThread "G1 Service" [stack: 0x000000035a500000,0x000000035a600000] [id=2368]

Threads with active compile tasks:
C2 CompilerThread0    89969 22056       4       com.android.tools.r8.internal.zt::a (595 bytes)
C1 CompilerThread0    89969 22455       2       com.android.tools.r8.ir.optimize.a::a (67 bytes)
C2 CompilerThread1    89969 21965       4       com.android.tools.r8.internal.Da::a (1175 bytes)

VM state: at safepoint (normal execution)

VM Mutex/Monitor currently owned by a thread:  ([mutex/lock_event])
[0x0000010f260797c0] Threads_lock - owner thread: 0x0000010f449fe9f0
[0x0000010f26079f10] Heap_lock - owner thread: 0x0000010f8d41edd0

Heap address: 0x0000000700000000, size: 4096 MB, Compressed Oops mode: Zero based, Oop shift amount: 3

CDS archive(s) mapped at: [0x0000010f46000000-0x0000010f46c00000-0x0000010f46c00000), size 12582912, SharedBaseAddress: 0x0000010f46000000, ArchiveRelocationMode: 1.
Compressed class space mapped at: 0x0000010f47000000-0x0000010f87000000, reserved size: 1073741824
Narrow klass base: 0x0000010f46000000, Narrow klass shift: 0, Narrow klass range: 0x100000000

GC Precious Log:
 CPUs: 12 total, 12 available
 Memory: 15724M
 Large Page Support: Disabled
 NUMA Support: Disabled
 Compressed Oops: Enabled (Zero based)
 Heap Region Size: 2M
 Heap Min Capacity: 8M
 Heap Initial Capacity: 246M
 Heap Max Capacity: 4G
 Pre-touch: Disabled
 Parallel Workers: 10
 Concurrent Workers: 3
 Concurrent Refinement Workers: 10
 Periodic GC: Disabled

Heap:
 garbage-first heap   total 962560K, used 335465K [0x0000000700000000, 0x0000000800000000)
  region size 2048K, 4 young (8192K), 4 survivors (8192K)
 Metaspace       used 139792K, committed 140736K, reserved 1179648K
  class space    used 19658K, committed 20096K, reserved 1048576K

Heap Regions: E=young(eden), S=young(survivor), O=old, HS=humongous(starts), HC=humongous(continues), CS=collection set, F=free, OA=open archive, CA=closed archive, TAMS=top-at-mark-start (previous, next)
|   0|0x0000000700000000, 0x0000000700200000, 0x0000000700200000|100%|HS|  |TAMS 0x0000000700200000, 0x0000000700000000| Complete 
|   1|0x0000000700200000, 0x0000000700400000, 0x0000000700400000|100%|HC|  |TAMS 0x0000000700400000, 0x0000000700200000| Complete 
|   2|0x0000000700400000, 0x0000000700600000, 0x0000000700600000|100%| O|  |TAMS 0x0000000700600000, 0x0000000700400000| Untracked 
|   3|0x0000000700600000, 0x0000000700800000, 0x0000000700800000|100%| O|  |TAMS 0x0000000700800000, 0x0000000700600000| Untracked 
|   4|0x0000000700800000, 0x0000000700a00000, 0x0000000700a00000|100%| O|  |TAMS 0x0000000700a00000, 0x0000000700800000| Untracked 
|   5|0x0000000700a00000, 0x0000000700c00000, 0x0000000700c00000|100%| O|  |TAMS 0x0000000700c00000, 0x0000000700a00000| Untracked 
|   6|0x0000000700c00000, 0x0000000700e00000, 0x0000000700e00000|100%| O|  |TAMS 0x0000000700e00000, 0x0000000700c00000| Untracked 
|   7|0x0000000700e00000, 0x0000000701000000, 0x0000000701000000|100%| O|  |TAMS 0x0000000701000000, 0x0000000700e00000| Untracked 
|   8|0x0000000701000000, 0x0000000701200000, 0x0000000701200000|100%| O|  |TAMS 0x0000000701200000, 0x0000000701000000| Untracked 
|   9|0x0000000701200000, 0x0000000701400000, 0x0000000701400000|100%| O|  |TAMS 0x0000000701400000, 0x0000000701200000| Untracked 
|  10|0x0000000701400000, 0x0000000701600000, 0x0000000701600000|100%| O|  |TAMS 0x0000000701600000, 0x0000000701400000| Untracked 
|  11|0x0000000701600000, 0x0000000701800000, 0x0000000701800000|100%| O|  |TAMS 0x0000000701800000, 0x0000000701600000| Untracked 
|  12|0x0000000701800000, 0x0000000701a00000, 0x0000000701a00000|100%| O|  |TAMS 0x0000000701a00000, 0x0000000701800000| Untracked 
|  13|0x0000000701a00000, 0x0000000701c00000, 0x0000000701c00000|100%| O|  |TAMS 0x0000000701c00000, 0x0000000701a00000| Untracked 
|  14|0x0000000701c00000, 0x0000000701e00000, 0x0000000701e00000|100%| O|  |TAMS 0x0000000701e00000, 0x0000000701c00000| Untracked 
|  15|0x0000000701e00000, 0x0000000702000000, 0x0000000702000000|100%| O|  |TAMS 0x0000000702000000, 0x0000000701e00000| Untracked 
|  16|0x0000000702000000, 0x0000000702200000, 0x0000000702200000|100%| O|  |TAMS 0x0000000702200000, 0x0000000702000000| Untracked 
|  17|0x0000000702200000, 0x0000000702400000, 0x0000000702400000|100%| O|  |TAMS 0x0000000702400000, 0x0000000702200000| Untracked 
|  18|0x0000000702400000, 0x0000000702600000, 0x0000000702600000|100%| O|  |TAMS 0x0000000702600000, 0x0000000702400000| Untracked 
|  19|0x0000000702600000, 0x0000000702800000, 0x0000000702800000|100%| O|  |TAMS 0x0000000702800000, 0x0000000702600000| Untracked 
|  20|0x0000000702800000, 0x0000000702a00000, 0x0000000702a00000|100%| O|  |TAMS 0x0000000702a00000, 0x0000000702800000| Untracked 
|  21|0x0000000702a00000, 0x0000000702c00000, 0x0000000702c00000|100%| O|  |TAMS 0x0000000702c00000, 0x0000000702a00000| Untracked 
|  22|0x0000000702c00000, 0x0000000702e00000, 0x0000000702e00000|100%| O|  |TAMS 0x0000000702e00000, 0x0000000702c00000| Untracked 
|  23|0x0000000702e00000, 0x0000000703000000, 0x0000000703000000|100%|HS|  |TAMS 0x0000000703000000, 0x0000000702e00000| Complete 
|  24|0x0000000703000000, 0x0000000703200000, 0x0000000703200000|100%|HS|  |TAMS 0x0000000703200000, 0x0000000703000000| Complete 
|  25|0x0000000703200000, 0x0000000703400000, 0x0000000703400000|100%| O|  |TAMS 0x0000000703400000, 0x0000000703200000| Untracked 
|  26|0x0000000703400000, 0x0000000703600000, 0x0000000703600000|100%| O|  |TAMS 0x0000000703600000, 0x0000000703400000| Untracked 
|  27|0x0000000703600000, 0x0000000703800000, 0x0000000703800000|100%| O|  |TAMS 0x0000000703800000, 0x0000000703600000| Untracked 
|  28|0x0000000703800000, 0x0000000703a00000, 0x0000000703a00000|100%| O|  |TAMS 0x0000000703a00000, 0x0000000703800000| Untracked 
|  29|0x0000000703a00000, 0x0000000703c00000, 0x0000000703c00000|100%| O|  |TAMS 0x0000000703c00000, 0x0000000703a00000| Untracked 
|  30|0x0000000703c00000, 0x0000000703e00000, 0x0000000703e00000|100%| O|  |TAMS 0x0000000703e00000, 0x0000000703c00000| Untracked 
|  31|0x0000000703e00000, 0x0000000704000000, 0x0000000704000000|100%| O|  |TAMS 0x0000000704000000, 0x0000000703e00000| Untracked 
|  32|0x0000000704000000, 0x0000000704200000, 0x0000000704200000|100%| O|  |TAMS 0x0000000704200000, 0x0000000704000000| Untracked 
|  33|0x0000000704200000, 0x0000000704400000, 0x0000000704400000|100%| O|  |TAMS 0x0000000704400000, 0x0000000704200000| Untracked 
|  34|0x0000000704400000, 0x0000000704600000, 0x0000000704600000|100%| O|  |TAMS 0x0000000704600000, 0x0000000704400000| Untracked 
|  35|0x0000000704600000, 0x0000000704800000, 0x0000000704800000|100%| O|  |TAMS 0x0000000704800000, 0x0000000704600000| Untracked 
|  36|0x0000000704800000, 0x0000000704a00000, 0x0000000704a00000|100%| O|  |TAMS 0x0000000704a00000, 0x0000000704800000| Untracked 
|  37|0x0000000704a00000, 0x0000000704c00000, 0x0000000704c00000|100%| O|  |TAMS 0x0000000704c00000, 0x0000000704a00000| Untracked 
|  38|0x0000000704c00000, 0x0000000704e00000, 0x0000000704e00000|100%| O|  |TAMS 0x0000000704e00000, 0x0000000704c00000| Untracked 
|  39|0x0000000704e00000, 0x0000000705000000, 0x0000000705000000|100%| O|  |TAMS 0x0000000705000000, 0x0000000704e00000| Untracked 
|  40|0x0000000705000000, 0x0000000705200000, 0x0000000705200000|100%| O|  |TAMS 0x0000000705200000, 0x0000000705000000| Untracked 
|  41|0x0000000705200000, 0x0000000705400000, 0x0000000705400000|100%| O|  |TAMS 0x0000000705400000, 0x0000000705200000| Untracked 
|  42|0x0000000705400000, 0x0000000705600000, 0x0000000705600000|100%| O|  |TAMS 0x0000000705600000, 0x0000000705400000| Untracked 
|  43|0x0000000705600000, 0x0000000705800000, 0x0000000705800000|100%| O|  |TAMS 0x0000000705800000, 0x0000000705600000| Untracked 
|  44|0x0000000705800000, 0x0000000705a00000, 0x0000000705a00000|100%| O|  |TAMS 0x0000000705a00000, 0x0000000705800000| Untracked 
|  45|0x0000000705a00000, 0x0000000705c00000, 0x0000000705c00000|100%| O|  |TAMS 0x0000000705c00000, 0x0000000705a00000| Untracked 
|  46|0x0000000705c00000, 0x0000000705e00000, 0x0000000705e00000|100%| O|  |TAMS 0x0000000705e00000, 0x0000000705c00000| Untracked 
|  47|0x0000000705e00000, 0x0000000706000000, 0x0000000706000000|100%| O|  |TAMS 0x0000000706000000, 0x0000000705e00000| Untracked 
|  48|0x0000000706000000, 0x0000000706200000, 0x0000000706200000|100%| O|  |TAMS 0x0000000706200000, 0x0000000706000000| Untracked 
|  49|0x0000000706200000, 0x0000000706400000, 0x0000000706400000|100%| O|  |TAMS 0x0000000706400000, 0x0000000706200000| Untracked 
|  50|0x0000000706400000, 0x0000000706600000, 0x0000000706600000|100%| O|  |TAMS 0x0000000706600000, 0x0000000706400000| Untracked 
|  51|0x0000000706600000, 0x0000000706800000, 0x0000000706800000|100%| O|  |TAMS 0x0000000706800000, 0x0000000706600000| Untracked 
|  52|0x0000000706800000, 0x0000000706a00000, 0x0000000706a00000|100%| O|  |TAMS 0x0000000706a00000, 0x0000000706800000| Untracked 
|  53|0x0000000706a00000, 0x0000000706c00000, 0x0000000706c00000|100%| O|  |TAMS 0x0000000706c00000, 0x0000000706a00000| Untracked 
|  54|0x0000000706c00000, 0x0000000706e00000, 0x0000000706e00000|100%| O|  |TAMS 0x0000000706e00000, 0x0000000706c00000| Untracked 
|  55|0x0000000706e00000, 0x0000000707000000, 0x0000000707000000|100%| O|  |TAMS 0x0000000707000000, 0x0000000706e00000| Untracked 
|  56|0x0000000707000000, 0x0000000707200000, 0x0000000707200000|100%| O|  |TAMS 0x0000000707200000, 0x0000000707000000| Untracked 
|  57|0x0000000707200000, 0x0000000707400000, 0x0000000707400000|100%| O|  |TAMS 0x0000000707400000, 0x0000000707200000| Untracked 
|  58|0x0000000707400000, 0x0000000707600000, 0x0000000707600000|100%| O|  |TAMS 0x0000000707600000, 0x0000000707400000| Untracked 
|  59|0x0000000707600000, 0x0000000707800000, 0x0000000707800000|100%| O|  |TAMS 0x0000000707800000, 0x0000000707600000| Untracked 
|  60|0x0000000707800000, 0x0000000707a00000, 0x0000000707a00000|100%| O|  |TAMS 0x0000000707a00000, 0x0000000707800000| Untracked 
|  61|0x0000000707a00000, 0x0000000707c00000, 0x0000000707c00000|100%| O|  |TAMS 0x0000000707c00000, 0x0000000707a00000| Untracked 
|  62|0x0000000707c00000, 0x0000000707e00000, 0x0000000707e00000|100%| O|  |TAMS 0x0000000707e00000, 0x0000000707c00000| Untracked 
|  63|0x0000000707e00000, 0x0000000708000000, 0x0000000708000000|100%| O|  |TAMS 0x0000000708000000, 0x0000000707e00000| Untracked 
|  64|0x0000000708000000, 0x0000000708200000, 0x0000000708200000|100%| O|  |TAMS 0x0000000708200000, 0x0000000708000000| Untracked 
|  65|0x0000000708200000, 0x0000000708400000, 0x0000000708400000|100%| O|  |TAMS 0x0000000708400000, 0x0000000708200000| Untracked 
|  66|0x0000000708400000, 0x0000000708600000, 0x0000000708600000|100%| O|  |TAMS 0x0000000708600000, 0x0000000708400000| Untracked 
|  67|0x0000000708600000, 0x0000000708800000, 0x0000000708800000|100%| O|  |TAMS 0x0000000708800000, 0x0000000708600000| Untracked 
|  68|0x0000000708800000, 0x0000000708a00000, 0x0000000708a00000|100%| O|  |TAMS 0x0000000708a00000, 0x0000000708800000| Untracked 
|  69|0x0000000708a00000, 0x0000000708c00000, 0x0000000708c00000|100%| O|  |TAMS 0x0000000708c00000, 0x0000000708a00000| Untracked 
|  70|0x0000000708c00000, 0x0000000708e00000, 0x0000000708e00000|100%| O|  |TAMS 0x0000000708e00000, 0x0000000708c00000| Untracked 
|  71|0x0000000708e00000, 0x0000000709000000, 0x0000000709000000|100%| O|  |TAMS 0x0000000709000000, 0x0000000708e00000| Untracked 
|  72|0x0000000709000000, 0x0000000709200000, 0x0000000709200000|100%| O|  |TAMS 0x0000000709200000, 0x0000000709000000| Untracked 
|  73|0x0000000709200000, 0x0000000709400000, 0x0000000709400000|100%| O|  |TAMS 0x0000000709200000, 0x0000000709200000| Untracked 
|  74|0x0000000709400000, 0x0000000709600000, 0x0000000709600000|100%| O|  |TAMS 0x0000000709600000, 0x0000000709400000| Untracked 
|  75|0x0000000709600000, 0x0000000709800000, 0x0000000709800000|100%| O|  |TAMS 0x0000000709600000, 0x0000000709600000| Untracked 
|  76|0x0000000709800000, 0x0000000709a00000, 0x0000000709a00000|100%| O|  |TAMS 0x0000000709a00000, 0x0000000709800000| Untracked 
|  77|0x0000000709a00000, 0x0000000709c00000, 0x0000000709c00000|100%| O|  |TAMS 0x0000000709c00000, 0x0000000709a00000| Untracked 
|  78|0x0000000709c00000, 0x0000000709e00000, 0x0000000709e00000|100%| O|  |TAMS 0x0000000709e00000, 0x0000000709c00000| Untracked 
|  79|0x0000000709e00000, 0x000000070a000000, 0x000000070a000000|100%| O|  |TAMS 0x000000070a000000, 0x0000000709e00000| Untracked 
|  80|0x000000070a000000, 0x000000070a200000, 0x000000070a200000|100%| O|  |TAMS 0x000000070a200000, 0x000000070a000000| Untracked 
|  81|0x000000070a200000, 0x000000070a400000, 0x000000070a400000|100%| O|  |TAMS 0x000000070a400000, 0x000000070a200000| Untracked 
|  82|0x000000070a400000, 0x000000070a600000, 0x000000070a600000|100%| O|  |TAMS 0x000000070a600000, 0x000000070a400000| Untracked 
|  83|0x000000070a600000, 0x000000070a800000, 0x000000070a800000|100%| O|  |TAMS 0x000000070a800000, 0x000000070a600000| Untracked 
|  84|0x000000070a800000, 0x000000070aa00000, 0x000000070aa00000|100%| O|  |TAMS 0x000000070aa00000, 0x000000070a800000| Untracked 
|  85|0x000000070aa00000, 0x000000070ac00000, 0x000000070ac00000|100%| O|  |TAMS 0x000000070ac00000, 0x000000070aa00000| Untracked 
|  86|0x000000070ac00000, 0x000000070ae00000, 0x000000070ae00000|100%| O|  |TAMS 0x000000070ae00000, 0x000000070ac00000| Untracked 
|  87|0x000000070ae00000, 0x000000070b000000, 0x000000070b000000|100%| O|  |TAMS 0x000000070ae00000, 0x000000070ae00000| Untracked 
|  88|0x000000070b000000, 0x000000070b200000, 0x000000070b200000|100%| O|  |TAMS 0x000000070b200000, 0x000000070b000000| Untracked 
|  89|0x000000070b200000, 0x000000070b400000, 0x000000070b400000|100%| O|  |TAMS 0x000000070b400000, 0x000000070b200000| Untracked 
|  90|0x000000070b400000, 0x000000070b600000, 0x000000070b600000|100%| O|  |TAMS 0x000000070b600000, 0x000000070b400000| Untracked 
|  91|0x000000070b600000, 0x000000070b800000, 0x000000070b800000|100%| O|  |TAMS 0x000000070b800000, 0x000000070b600000| Untracked 
|  92|0x000000070b800000, 0x000000070ba00000, 0x000000070ba00000|100%| O|  |TAMS 0x000000070ba00000, 0x000000070b800000| Untracked 
|  93|0x000000070ba00000, 0x000000070bc00000, 0x000000070bc00000|100%| O|  |TAMS 0x000000070bc00000, 0x000000070ba00000| Untracked 
|  94|0x000000070bc00000, 0x000000070be00000, 0x000000070be00000|100%| O|  |TAMS 0x000000070be00000, 0x000000070bc00000| Untracked 
|  95|0x000000070be00000, 0x000000070c000000, 0x000000070c000000|100%| O|  |TAMS 0x000000070c000000, 0x000000070be00000| Untracked 
|  96|0x000000070c000000, 0x000000070c200000, 0x000000070c200000|100%| O|  |TAMS 0x000000070c200000, 0x000000070c000000| Untracked 
|  97|0x000000070c200000, 0x000000070c400000, 0x000000070c400000|100%| O|  |TAMS 0x000000070c400000, 0x000000070c200000| Untracked 
|  98|0x000000070c400000, 0x000000070c600000, 0x000000070c600000|100%| O|  |TAMS 0x000000070c600000, 0x000000070c400000| Untracked 
|  99|0x000000070c600000, 0x000000070c800000, 0x000000070c800000|100%| O|  |TAMS 0x000000070c800000, 0x000000070c600000| Untracked 
| 100|0x000000070c800000, 0x000000070ca00000, 0x000000070ca00000|100%| O|  |TAMS 0x000000070ca00000, 0x000000070c800000| Untracked 
| 101|0x000000070ca00000, 0x000000070cc00000, 0x000000070cc00000|100%| O|  |TAMS 0x000000070cc00000, 0x000000070ca00000| Untracked 
| 102|0x000000070cc00000, 0x000000070ce00000, 0x000000070ce00000|100%| O|  |TAMS 0x000000070ce00000, 0x000000070cc00000| Untracked 
| 103|0x000000070ce00000, 0x000000070d000000, 0x000000070d000000|100%| O|  |TAMS 0x000000070d000000, 0x000000070ce00000| Untracked 
| 104|0x000000070d000000, 0x000000070d200000, 0x000000070d200000|100%| O|  |TAMS 0x000000070d200000, 0x000000070d000000| Untracked 
| 105|0x000000070d200000, 0x000000070d400000, 0x000000070d400000|100%| O|  |TAMS 0x000000070d400000, 0x000000070d200000| Untracked 
| 106|0x000000070d400000, 0x000000070d600000, 0x000000070d600000|100%| O|  |TAMS 0x000000070d600000, 0x000000070d400000| Untracked 
| 107|0x000000070d600000, 0x000000070d800000, 0x000000070d800000|100%| O|  |TAMS 0x000000070d800000, 0x000000070d600000| Untracked 
| 108|0x000000070d800000, 0x000000070d800000, 0x000000070da00000|  0%| F|  |TAMS 0x000000070d800000, 0x000000070d800000| Untracked 
| 109|0x000000070da00000, 0x000000070dc00000, 0x000000070dc00000|100%| O|  |TAMS 0x000000070dc00000, 0x000000070da00000| Untracked 
| 110|0x000000070dc00000, 0x000000070de00000, 0x000000070de00000|100%| O|  |TAMS 0x000000070de00000, 0x000000070dc00000| Untracked 
| 111|0x000000070de00000, 0x000000070e000000, 0x000000070e000000|100%| O|  |TAMS 0x000000070e000000, 0x000000070de00000| Untracked 
| 112|0x000000070e000000, 0x000000070e200000, 0x000000070e200000|100%| O|  |TAMS 0x000000070e200000, 0x000000070e000000| Untracked 
| 113|0x000000070e200000, 0x000000070e400000, 0x000000070e400000|100%| O|  |TAMS 0x000000070e400000, 0x000000070e200000| Untracked 
| 114|0x000000070e400000, 0x000000070e600000, 0x000000070e600000|100%| O|  |TAMS 0x000000070e600000, 0x000000070e400000| Untracked 
| 115|0x000000070e600000, 0x000000070e600000, 0x000000070e800000|  0%| F|  |TAMS 0x000000070e600000, 0x000000070e600000| Untracked 
| 116|0x000000070e800000, 0x000000070e800000, 0x000000070ea00000|  0%| F|  |TAMS 0x000000070e800000, 0x000000070e800000| Untracked 
| 117|0x000000070ea00000, 0x000000070ec00000, 0x000000070ec00000|100%| O|  |TAMS 0x000000070ec00000, 0x000000070ea00000| Untracked 
| 118|0x000000070ec00000, 0x000000070ee00000, 0x000000070ee00000|100%| O|  |TAMS 0x000000070ee00000, 0x000000070ec00000| Untracked 
| 119|0x000000070ee00000, 0x000000070f000000, 0x000000070f000000|100%| O|  |TAMS 0x000000070f000000, 0x000000070ee00000| Untracked 
| 120|0x000000070f000000, 0x000000070f200000, 0x000000070f200000|100%| O|  |TAMS 0x000000070f200000, 0x000000070f000000| Untracked 
| 121|0x000000070f200000, 0x000000070f400000, 0x000000070f400000|100%| O|  |TAMS 0x000000070f400000, 0x000000070f200000| Untracked 
| 122|0x000000070f400000, 0x000000070f600000, 0x000000070f600000|100%| O|  |TAMS 0x000000070f600000, 0x000000070f400000| Untracked 
| 123|0x000000070f600000, 0x000000070f600000, 0x000000070f800000|  0%| F|  |TAMS 0x000000070f600000, 0x000000070f600000| Untracked 
| 124|0x000000070f800000, 0x000000070fa00000, 0x000000070fa00000|100%| O|  |TAMS 0x000000070fa00000, 0x000000070f800000| Untracked 
| 125|0x000000070fa00000, 0x000000070fc00000, 0x000000070fc00000|100%| O|  |TAMS 0x000000070fc00000, 0x000000070fa00000| Untracked 
| 126|0x000000070fc00000, 0x000000070fe00000, 0x000000070fe00000|100%| O|  |TAMS 0x000000070fe00000, 0x000000070fc00000| Untracked 
| 127|0x000000070fe00000, 0x0000000710000000, 0x0000000710000000|100%| O|  |TAMS 0x0000000710000000, 0x000000070fe00000| Untracked 
| 128|0x0000000710000000, 0x0000000710200000, 0x0000000710200000|100%| O|  |TAMS 0x0000000710200000, 0x0000000710000000| Untracked 
| 129|0x0000000710200000, 0x0000000710400000, 0x0000000710400000|100%| O|  |TAMS 0x0000000710400000, 0x0000000710200000| Untracked 
| 130|0x0000000710400000, 0x0000000710600000, 0x0000000710600000|100%| O|  |TAMS 0x0000000710600000, 0x0000000710400000| Untracked 
| 131|0x0000000710600000, 0x0000000710600000, 0x0000000710800000|  0%| F|  |TAMS 0x0000000710600000, 0x0000000710600000| Untracked 
| 132|0x0000000710800000, 0x0000000710800000, 0x0000000710a00000|  0%| F|  |TAMS 0x0000000710800000, 0x0000000710800000| Untracked 
| 133|0x0000000710a00000, 0x0000000710c00000, 0x0000000710c00000|100%| O|  |TAMS 0x0000000710c00000, 0x0000000710a00000| Untracked 
| 134|0x0000000710c00000, 0x0000000710e00000, 0x0000000710e00000|100%| O|  |TAMS 0x0000000710e00000, 0x0000000710c00000| Untracked 
| 135|0x0000000710e00000, 0x0000000711000000, 0x0000000711000000|100%| O|  |TAMS 0x0000000711000000, 0x0000000710e00000| Untracked 
| 136|0x0000000711000000, 0x0000000711200000, 0x0000000711200000|100%| O|  |TAMS 0x0000000711200000, 0x0000000711000000| Untracked 
| 137|0x0000000711200000, 0x0000000711400000, 0x0000000711400000|100%| O|  |TAMS 0x0000000711400000, 0x0000000711200000| Untracked 
| 138|0x0000000711400000, 0x0000000711600000, 0x0000000711600000|100%| O|  |TAMS 0x0000000711600000, 0x0000000711400000| Untracked 
| 139|0x0000000711600000, 0x0000000711800000, 0x0000000711800000|100%| O|  |TAMS 0x0000000711800000, 0x0000000711600000| Untracked 
| 140|0x0000000711800000, 0x0000000711a00000, 0x0000000711a00000|100%| O|  |TAMS 0x0000000711a00000, 0x0000000711800000| Untracked 
| 141|0x0000000711a00000, 0x0000000711c00000, 0x0000000711c00000|100%| O|  |TAMS 0x0000000711c00000, 0x0000000711a00000| Untracked 
| 142|0x0000000711c00000, 0x0000000711e00000, 0x0000000711e00000|100%| O|  |TAMS 0x0000000711e00000, 0x0000000711c00000| Untracked 
| 143|0x0000000711e00000, 0x0000000712000000, 0x0000000712000000|100%| O|  |TAMS 0x0000000712000000, 0x0000000711e00000| Untracked 
| 144|0x0000000712000000, 0x0000000712200000, 0x0000000712200000|100%| O|  |TAMS 0x0000000712200000, 0x0000000712000000| Untracked 
| 145|0x0000000712200000, 0x0000000712400000, 0x0000000712400000|100%| O|  |TAMS 0x0000000712400000, 0x0000000712200000| Untracked 
| 146|0x0000000712400000, 0x0000000712600000, 0x0000000712600000|100%| O|  |TAMS 0x0000000712600000, 0x0000000712400000| Untracked 
| 147|0x0000000712600000, 0x0000000712800000, 0x0000000712800000|100%| O|  |TAMS 0x0000000712800000, 0x0000000712600000| Untracked 
| 148|0x0000000712800000, 0x0000000712a00000, 0x0000000712a00000|100%| O|  |TAMS 0x0000000712a00000, 0x0000000712800000| Untracked 
| 149|0x0000000712a00000, 0x0000000712c00000, 0x0000000712c00000|100%| O|  |TAMS 0x0000000712c00000, 0x0000000712a00000| Untracked 
| 150|0x0000000712c00000, 0x0000000712e00000, 0x0000000712e00000|100%| O|  |TAMS 0x0000000712e00000, 0x0000000712c00000| Untracked 
| 151|0x0000000712e00000, 0x0000000713000000, 0x0000000713000000|100%| O|  |TAMS 0x0000000713000000, 0x0000000712e00000| Untracked 
| 152|0x0000000713000000, 0x0000000713200000, 0x0000000713200000|100%| O|  |TAMS 0x0000000713200000, 0x0000000713000000| Untracked 
| 153|0x0000000713200000, 0x0000000713400000, 0x0000000713400000|100%| O|  |TAMS 0x0000000713400000, 0x0000000713200000| Untracked 
| 154|0x0000000713400000, 0x0000000713600000, 0x0000000713600000|100%| O|  |TAMS 0x0000000713600000, 0x0000000713400000| Untracked 
| 155|0x0000000713600000, 0x0000000713800000, 0x0000000713800000|100%| O|  |TAMS 0x0000000713800000, 0x0000000713600000| Untracked 
| 156|0x0000000713800000, 0x0000000713a00000, 0x0000000713a00000|100%| O|  |TAMS 0x0000000713a00000, 0x0000000713800000| Untracked 
| 157|0x0000000713a00000, 0x0000000713c00000, 0x0000000713c00000|100%| O|  |TAMS 0x0000000713c00000, 0x0000000713a00000| Untracked 
| 158|0x0000000713c00000, 0x0000000713e00000, 0x0000000713e00000|100%| O|  |TAMS 0x0000000713e00000, 0x0000000713c00000| Untracked 
| 159|0x0000000713e00000, 0x0000000714000000, 0x0000000714000000|100%| O|  |TAMS 0x0000000714000000, 0x0000000713e00000| Untracked 
| 160|0x0000000714000000, 0x0000000714200000, 0x0000000714200000|100%| O|  |TAMS 0x0000000714200000, 0x0000000714000000| Untracked 
| 161|0x0000000714200000, 0x0000000714400000, 0x0000000714400000|100%| O|  |TAMS 0x00000007142a9a00, 0x0000000714200000| Untracked 
| 162|0x0000000714400000, 0x0000000714600000, 0x0000000714600000|100%| O|  |TAMS 0x0000000714400000, 0x0000000714400000| Untracked 
| 163|0x0000000714600000, 0x0000000714800000, 0x0000000714800000|100%| O|  |TAMS 0x0000000714600000, 0x0000000714600000| Untracked 
| 164|0x0000000714800000, 0x0000000714a00000, 0x0000000714a00000|100%| O|  |TAMS 0x0000000714800000, 0x0000000714800000| Untracked 
| 165|0x0000000714a00000, 0x0000000714b9a400, 0x0000000714c00000| 80%| O|  |TAMS 0x0000000714a00000, 0x0000000714a00000| Untracked 
| 166|0x0000000714c00000, 0x0000000714c00000, 0x0000000714e00000|  0%| F|  |TAMS 0x0000000714c00000, 0x0000000714c00000| Untracked 
| 167|0x0000000714e00000, 0x0000000714e00000, 0x0000000715000000|  0%| F|  |TAMS 0x0000000714e00000, 0x0000000714e00000| Untracked 
| 168|0x0000000715000000, 0x0000000715000000, 0x0000000715200000|  0%| F|  |TAMS 0x0000000715000000, 0x0000000715000000| Untracked 
| 169|0x0000000715200000, 0x0000000715200000, 0x0000000715400000|  0%| F|  |TAMS 0x0000000715200000, 0x0000000715200000| Untracked 
| 170|0x0000000715400000, 0x0000000715400000, 0x0000000715600000|  0%| F|  |TAMS 0x0000000715400000, 0x0000000715400000| Untracked 
| 171|0x0000000715600000, 0x0000000715600000, 0x0000000715800000|  0%| F|  |TAMS 0x0000000715600000, 0x0000000715600000| Untracked 
| 172|0x0000000715800000, 0x0000000715800000, 0x0000000715a00000|  0%| F|  |TAMS 0x0000000715800000, 0x0000000715800000| Untracked 
| 173|0x0000000715a00000, 0x0000000715a00000, 0x0000000715c00000|  0%| F|  |TAMS 0x0000000715a00000, 0x0000000715a00000| Untracked 
| 174|0x0000000715c00000, 0x0000000715c00000, 0x0000000715e00000|  0%| F|  |TAMS 0x0000000715c00000, 0x0000000715c00000| Untracked 
| 175|0x0000000715e00000, 0x0000000715e00000, 0x0000000716000000|  0%| F|  |TAMS 0x0000000715e00000, 0x0000000715e00000| Untracked 
| 176|0x0000000716000000, 0x0000000716000000, 0x0000000716200000|  0%| F|  |TAMS 0x0000000716000000, 0x0000000716000000| Untracked 
| 177|0x0000000716200000, 0x0000000716200000, 0x0000000716400000|  0%| F|  |TAMS 0x0000000716200000, 0x0000000716200000| Untracked 
| 178|0x0000000716400000, 0x0000000716400000, 0x0000000716600000|  0%| F|  |TAMS 0x0000000716400000, 0x0000000716400000| Untracked 
| 179|0x0000000716600000, 0x0000000716600000, 0x0000000716800000|  0%| F|  |TAMS 0x0000000716600000, 0x0000000716600000| Untracked 
| 180|0x0000000716800000, 0x0000000716800000, 0x0000000716a00000|  0%| F|  |TAMS 0x0000000716800000, 0x0000000716800000| Untracked 
| 181|0x0000000716a00000, 0x0000000716a00000, 0x0000000716c00000|  0%| F|  |TAMS 0x0000000716a00000, 0x0000000716a00000| Untracked 
| 182|0x0000000716c00000, 0x0000000716c00000, 0x0000000716e00000|  0%| F|  |TAMS 0x0000000716c00000, 0x0000000716c00000| Untracked 
| 183|0x0000000716e00000, 0x0000000716e00000, 0x0000000717000000|  0%| F|  |TAMS 0x0000000716e00000, 0x0000000716e00000| Untracked 
| 184|0x0000000717000000, 0x0000000717000000, 0x0000000717200000|  0%| F|  |TAMS 0x0000000717000000, 0x0000000717000000| Untracked 
| 185|0x0000000717200000, 0x0000000717200000, 0x0000000717400000|  0%| F|  |TAMS 0x0000000717200000, 0x0000000717200000| Untracked 
| 186|0x0000000717400000, 0x0000000717400000, 0x0000000717600000|  0%| F|  |TAMS 0x0000000717400000, 0x0000000717400000| Untracked 
| 187|0x0000000717600000, 0x0000000717600000, 0x0000000717800000|  0%| F|  |TAMS 0x0000000717600000, 0x0000000717600000| Untracked 
| 188|0x0000000717800000, 0x0000000717800000, 0x0000000717a00000|  0%| F|  |TAMS 0x0000000717800000, 0x0000000717800000| Untracked 
| 189|0x0000000717a00000, 0x0000000717a00000, 0x0000000717c00000|  0%| F|  |TAMS 0x0000000717a00000, 0x0000000717a00000| Untracked 
| 190|0x0000000717c00000, 0x0000000717c00000, 0x0000000717e00000|  0%| F|  |TAMS 0x0000000717c00000, 0x0000000717c00000| Untracked 
| 191|0x0000000717e00000, 0x0000000717e00000, 0x0000000718000000|  0%| F|  |TAMS 0x0000000717e00000, 0x0000000717e00000| Untracked 
| 192|0x0000000718000000, 0x0000000718000000, 0x0000000718200000|  0%| F|  |TAMS 0x0000000718000000, 0x0000000718000000| Untracked 
| 193|0x0000000718200000, 0x0000000718200000, 0x0000000718400000|  0%| F|  |TAMS 0x0000000718200000, 0x0000000718200000| Untracked 
| 194|0x0000000718400000, 0x0000000718400000, 0x0000000718600000|  0%| F|  |TAMS 0x0000000718400000, 0x0000000718400000| Untracked 
| 195|0x0000000718600000, 0x0000000718600000, 0x0000000718800000|  0%| F|  |TAMS 0x0000000718600000, 0x0000000718600000| Untracked 
| 196|0x0000000718800000, 0x0000000718800000, 0x0000000718a00000|  0%| F|  |TAMS 0x0000000718800000, 0x0000000718800000| Untracked 
| 197|0x0000000718a00000, 0x0000000718a00000, 0x0000000718c00000|  0%| F|  |TAMS 0x0000000718a00000, 0x0000000718a00000| Untracked 
| 198|0x0000000718c00000, 0x0000000718c00000, 0x0000000718e00000|  0%| F|  |TAMS 0x0000000718c00000, 0x0000000718c00000| Untracked 
| 199|0x0000000718e00000, 0x0000000718e00000, 0x0000000719000000|  0%| F|  |TAMS 0x0000000718e00000, 0x0000000718e00000| Untracked 
| 200|0x0000000719000000, 0x0000000719000000, 0x0000000719200000|  0%| F|  |TAMS 0x0000000719000000, 0x0000000719000000| Untracked 
| 201|0x0000000719200000, 0x0000000719200000, 0x0000000719400000|  0%| F|  |TAMS 0x0000000719200000, 0x0000000719200000| Untracked 
| 202|0x0000000719400000, 0x0000000719400000, 0x0000000719600000|  0%| F|  |TAMS 0x0000000719400000, 0x0000000719400000| Untracked 
| 203|0x0000000719600000, 0x0000000719600000, 0x0000000719800000|  0%| F|  |TAMS 0x0000000719600000, 0x0000000719600000| Untracked 
| 204|0x0000000719800000, 0x0000000719800000, 0x0000000719a00000|  0%| F|  |TAMS 0x0000000719800000, 0x0000000719800000| Untracked 
| 205|0x0000000719a00000, 0x0000000719a00000, 0x0000000719c00000|  0%| F|  |TAMS 0x0000000719a00000, 0x0000000719a00000| Untracked 
| 206|0x0000000719c00000, 0x0000000719c00000, 0x0000000719e00000|  0%| F|  |TAMS 0x0000000719c00000, 0x0000000719c00000| Untracked 
| 207|0x0000000719e00000, 0x0000000719e00000, 0x000000071a000000|  0%| F|  |TAMS 0x0000000719e00000, 0x0000000719e00000| Untracked 
| 208|0x000000071a000000, 0x000000071a000000, 0x000000071a200000|  0%| F|  |TAMS 0x000000071a000000, 0x000000071a000000| Untracked 
| 209|0x000000071a200000, 0x000000071a200000, 0x000000071a400000|  0%| F|  |TAMS 0x000000071a200000, 0x000000071a200000| Untracked 
| 210|0x000000071a400000, 0x000000071a400000, 0x000000071a600000|  0%| F|  |TAMS 0x000000071a400000, 0x000000071a400000| Untracked 
| 211|0x000000071a600000, 0x000000071a600000, 0x000000071a800000|  0%| F|  |TAMS 0x000000071a600000, 0x000000071a600000| Untracked 
| 212|0x000000071a800000, 0x000000071a800000, 0x000000071aa00000|  0%| F|  |TAMS 0x000000071a800000, 0x000000071a800000| Untracked 
| 213|0x000000071aa00000, 0x000000071aa00000, 0x000000071ac00000|  0%| F|  |TAMS 0x000000071aa00000, 0x000000071aa00000| Untracked 
| 214|0x000000071ac00000, 0x000000071ac00000, 0x000000071ae00000|  0%| F|  |TAMS 0x000000071ac00000, 0x000000071ac00000| Untracked 
| 215|0x000000071ae00000, 0x000000071ae00000, 0x000000071b000000|  0%| F|  |TAMS 0x000000071ae00000, 0x000000071ae00000| Untracked 
| 216|0x000000071b000000, 0x000000071b000000, 0x000000071b200000|  0%| F|  |TAMS 0x000000071b000000, 0x000000071b000000| Untracked 
| 217|0x000000071b200000, 0x000000071b200000, 0x000000071b400000|  0%| F|  |TAMS 0x000000071b200000, 0x000000071b200000| Untracked 
| 218|0x000000071b400000, 0x000000071b400000, 0x000000071b600000|  0%| F|  |TAMS 0x000000071b400000, 0x000000071b400000| Untracked 
| 219|0x000000071b600000, 0x000000071b600000, 0x000000071b800000|  0%| F|  |TAMS 0x000000071b600000, 0x000000071b600000| Untracked 
| 220|0x000000071b800000, 0x000000071b800000, 0x000000071ba00000|  0%| F|  |TAMS 0x000000071b800000, 0x000000071b800000| Untracked 
| 221|0x000000071ba00000, 0x000000071ba00000, 0x000000071bc00000|  0%| F|  |TAMS 0x000000071ba00000, 0x000000071ba00000| Untracked 
| 222|0x000000071bc00000, 0x000000071bc00000, 0x000000071be00000|  0%| F|  |TAMS 0x000000071bc00000, 0x000000071bc00000| Untracked 
| 223|0x000000071be00000, 0x000000071be00000, 0x000000071c000000|  0%| F|  |TAMS 0x000000071be00000, 0x000000071be00000| Untracked 
| 224|0x000000071c000000, 0x000000071c000000, 0x000000071c200000|  0%| F|  |TAMS 0x000000071c000000, 0x000000071c000000| Untracked 
| 225|0x000000071c200000, 0x000000071c200000, 0x000000071c400000|  0%| F|  |TAMS 0x000000071c200000, 0x000000071c200000| Untracked 
| 226|0x000000071c400000, 0x000000071c400000, 0x000000071c600000|  0%| F|  |TAMS 0x000000071c400000, 0x000000071c400000| Untracked 
| 227|0x000000071c600000, 0x000000071c600000, 0x000000071c800000|  0%| F|  |TAMS 0x000000071c600000, 0x000000071c600000| Untracked 
| 228|0x000000071c800000, 0x000000071c800000, 0x000000071ca00000|  0%| F|  |TAMS 0x000000071c800000, 0x000000071c800000| Untracked 
| 229|0x000000071ca00000, 0x000000071ca00000, 0x000000071cc00000|  0%| F|  |TAMS 0x000000071ca00000, 0x000000071ca00000| Untracked 
| 230|0x000000071cc00000, 0x000000071cc00000, 0x000000071ce00000|  0%| F|  |TAMS 0x000000071cc00000, 0x000000071cc00000| Untracked 
| 231|0x000000071ce00000, 0x000000071ce00000, 0x000000071d000000|  0%| F|  |TAMS 0x000000071ce00000, 0x000000071ce00000| Untracked 
| 232|0x000000071d000000, 0x000000071d000000, 0x000000071d200000|  0%| F|  |TAMS 0x000000071d000000, 0x000000071d000000| Untracked 
| 233|0x000000071d200000, 0x000000071d200000, 0x000000071d400000|  0%| F|  |TAMS 0x000000071d200000, 0x000000071d200000| Untracked 
| 234|0x000000071d400000, 0x000000071d400000, 0x000000071d600000|  0%| F|  |TAMS 0x000000071d400000, 0x000000071d400000| Untracked 
| 235|0x000000071d600000, 0x000000071d600000, 0x000000071d800000|  0%| F|  |TAMS 0x000000071d600000, 0x000000071d600000| Untracked 
| 236|0x000000071d800000, 0x000000071d800000, 0x000000071da00000|  0%| F|  |TAMS 0x000000071d800000, 0x000000071d800000| Untracked 
| 237|0x000000071da00000, 0x000000071da00000, 0x000000071dc00000|  0%| F|  |TAMS 0x000000071da00000, 0x000000071da00000| Untracked 
| 238|0x000000071dc00000, 0x000000071dc00000, 0x000000071de00000|  0%| F|  |TAMS 0x000000071dc00000, 0x000000071dc00000| Untracked 
| 239|0x000000071de00000, 0x000000071de00000, 0x000000071e000000|  0%| F|  |TAMS 0x000000071de00000, 0x000000071de00000| Untracked 
| 240|0x000000071e000000, 0x000000071e000000, 0x000000071e200000|  0%| F|  |TAMS 0x000000071e000000, 0x000000071e000000| Untracked 
| 241|0x000000071e200000, 0x000000071e200000, 0x000000071e400000|  0%| F|  |TAMS 0x000000071e200000, 0x000000071e200000| Untracked 
| 242|0x000000071e400000, 0x000000071e400000, 0x000000071e600000|  0%| F|  |TAMS 0x000000071e400000, 0x000000071e400000| Untracked 
| 243|0x000000071e600000, 0x000000071e600000, 0x000000071e800000|  0%| F|  |TAMS 0x000000071e600000, 0x000000071e600000| Untracked 
| 244|0x000000071e800000, 0x000000071e800000, 0x000000071ea00000|  0%| F|  |TAMS 0x000000071e800000, 0x000000071e800000| Untracked 
| 245|0x000000071ea00000, 0x000000071ea00000, 0x000000071ec00000|  0%| F|  |TAMS 0x000000071ea00000, 0x000000071ea00000| Untracked 
| 246|0x000000071ec00000, 0x000000071ec00000, 0x000000071ee00000|  0%| F|  |TAMS 0x000000071ec00000, 0x000000071ec00000| Untracked 
| 247|0x000000071ee00000, 0x000000071ee00000, 0x000000071f000000|  0%| F|  |TAMS 0x000000071ee00000, 0x000000071ee00000| Untracked 
| 248|0x000000071f000000, 0x000000071f000000, 0x000000071f200000|  0%| F|  |TAMS 0x000000071f000000, 0x000000071f000000| Untracked 
| 249|0x000000071f200000, 0x000000071f200000, 0x000000071f400000|  0%| F|  |TAMS 0x000000071f200000, 0x000000071f200000| Untracked 
| 250|0x000000071f400000, 0x000000071f400000, 0x000000071f600000|  0%| F|  |TAMS 0x000000071f400000, 0x000000071f400000| Untracked 
| 251|0x000000071f600000, 0x000000071f600000, 0x000000071f800000|  0%| F|  |TAMS 0x000000071f600000, 0x000000071f600000| Untracked 
| 252|0x000000071f800000, 0x000000071f800000, 0x000000071fa00000|  0%| F|  |TAMS 0x000000071f800000, 0x000000071f800000| Untracked 
| 253|0x000000071fa00000, 0x000000071fa00000, 0x000000071fc00000|  0%| F|  |TAMS 0x000000071fa00000, 0x000000071fa00000| Untracked 
| 254|0x000000071fc00000, 0x000000071fc00000, 0x000000071fe00000|  0%| F|  |TAMS 0x000000071fc00000, 0x000000071fc00000| Untracked 
| 255|0x000000071fe00000, 0x000000071fe00000, 0x0000000720000000|  0%| F|  |TAMS 0x000000071fe00000, 0x000000071fe00000| Untracked 
| 256|0x0000000720000000, 0x0000000720000000, 0x0000000720200000|  0%| F|  |TAMS 0x0000000720000000, 0x0000000720000000| Untracked 
| 257|0x0000000720200000, 0x0000000720200000, 0x0000000720400000|  0%| F|  |TAMS 0x0000000720200000, 0x0000000720200000| Untracked 
| 258|0x0000000720400000, 0x0000000720400000, 0x0000000720600000|  0%| F|  |TAMS 0x0000000720400000, 0x0000000720400000| Untracked 
| 259|0x0000000720600000, 0x0000000720600000, 0x0000000720800000|  0%| F|  |TAMS 0x0000000720600000, 0x0000000720600000| Untracked 
| 260|0x0000000720800000, 0x0000000720800000, 0x0000000720a00000|  0%| F|  |TAMS 0x0000000720800000, 0x0000000720800000| Untracked 
| 261|0x0000000720a00000, 0x0000000720a00000, 0x0000000720c00000|  0%| F|  |TAMS 0x0000000720a00000, 0x0000000720a00000| Untracked 
| 262|0x0000000720c00000, 0x0000000720c00000, 0x0000000720e00000|  0%| F|  |TAMS 0x0000000720c00000, 0x0000000720c00000| Untracked 
| 263|0x0000000720e00000, 0x0000000720e00000, 0x0000000721000000|  0%| F|  |TAMS 0x0000000720e00000, 0x0000000720e00000| Untracked 
| 264|0x0000000721000000, 0x0000000721000000, 0x0000000721200000|  0%| F|  |TAMS 0x0000000721000000, 0x0000000721000000| Untracked 
| 265|0x0000000721200000, 0x0000000721200000, 0x0000000721400000|  0%| F|  |TAMS 0x0000000721200000, 0x0000000721200000| Untracked 
| 266|0x0000000721400000, 0x0000000721600000, 0x0000000721600000|100%| S|CS|TAMS 0x0000000721400000, 0x0000000721400000| Complete 
| 267|0x0000000721600000, 0x0000000721800000, 0x0000000721800000|100%| S|CS|TAMS 0x0000000721600000, 0x0000000721600000| Complete 
| 268|0x0000000721800000, 0x0000000721a00000, 0x0000000721a00000|100%| S|CS|TAMS 0x0000000721800000, 0x0000000721800000| Complete 
| 269|0x0000000721a00000, 0x0000000721c00000, 0x0000000721c00000|100%| S|CS|TAMS 0x0000000721a00000, 0x0000000721a00000| Complete 
| 270|0x0000000721c00000, 0x0000000721c00000, 0x0000000721e00000|  0%| F|  |TAMS 0x0000000721c00000, 0x0000000721c00000| Untracked 
| 271|0x0000000721e00000, 0x0000000721e00000, 0x0000000722000000|  0%| F|  |TAMS 0x0000000721e00000, 0x0000000721e00000| Untracked 
| 272|0x0000000722000000, 0x0000000722000000, 0x0000000722200000|  0%| F|  |TAMS 0x0000000722000000, 0x0000000722000000| Untracked 
| 273|0x0000000722200000, 0x0000000722200000, 0x0000000722400000|  0%| F|  |TAMS 0x0000000722200000, 0x0000000722200000| Untracked 
| 274|0x0000000722400000, 0x0000000722400000, 0x0000000722600000|  0%| F|  |TAMS 0x0000000722400000, 0x0000000722400000| Untracked 
| 275|0x0000000722600000, 0x0000000722600000, 0x0000000722800000|  0%| F|  |TAMS 0x0000000722600000, 0x0000000722600000| Untracked 
| 276|0x0000000722800000, 0x0000000722800000, 0x0000000722a00000|  0%| F|  |TAMS 0x0000000722800000, 0x0000000722800000| Untracked 
| 277|0x0000000722a00000, 0x0000000722a00000, 0x0000000722c00000|  0%| F|  |TAMS 0x0000000722a00000, 0x0000000722a00000| Untracked 
| 278|0x0000000722c00000, 0x0000000722c00000, 0x0000000722e00000|  0%| F|  |TAMS 0x0000000722c00000, 0x0000000722c00000| Untracked 
| 279|0x0000000722e00000, 0x0000000722e00000, 0x0000000723000000|  0%| F|  |TAMS 0x0000000722e00000, 0x0000000722e00000| Untracked 
| 280|0x0000000723000000, 0x0000000723000000, 0x0000000723200000|  0%| F|  |TAMS 0x0000000723000000, 0x0000000723000000| Untracked 
| 281|0x0000000723200000, 0x0000000723200000, 0x0000000723400000|  0%| F|  |TAMS 0x0000000723200000, 0x0000000723200000| Untracked 
| 282|0x0000000723400000, 0x0000000723400000, 0x0000000723600000|  0%| F|  |TAMS 0x0000000723400000, 0x0000000723400000| Untracked 
| 283|0x0000000723600000, 0x0000000723600000, 0x0000000723800000|  0%| F|  |TAMS 0x0000000723600000, 0x0000000723600000| Untracked 
| 284|0x0000000723800000, 0x0000000723800000, 0x0000000723a00000|  0%| F|  |TAMS 0x0000000723800000, 0x0000000723800000| Untracked 
| 285|0x0000000723a00000, 0x0000000723a00000, 0x0000000723c00000|  0%| F|  |TAMS 0x0000000723a00000, 0x0000000723a00000| Untracked 
| 286|0x0000000723c00000, 0x0000000723c00000, 0x0000000723e00000|  0%| F|  |TAMS 0x0000000723c00000, 0x0000000723c00000| Untracked 
| 287|0x0000000723e00000, 0x0000000723e00000, 0x0000000724000000|  0%| F|  |TAMS 0x0000000723e00000, 0x0000000723e00000| Untracked 
| 288|0x0000000724000000, 0x0000000724000000, 0x0000000724200000|  0%| F|  |TAMS 0x0000000724000000, 0x0000000724000000| Untracked 
| 289|0x0000000724200000, 0x0000000724200000, 0x0000000724400000|  0%| F|  |TAMS 0x0000000724200000, 0x0000000724200000| Untracked 
| 290|0x0000000724400000, 0x0000000724400000, 0x0000000724600000|  0%| F|  |TAMS 0x0000000724400000, 0x0000000724400000| Untracked 
| 291|0x0000000724600000, 0x0000000724600000, 0x0000000724800000|  0%| F|  |TAMS 0x0000000724600000, 0x0000000724600000| Untracked 
| 292|0x0000000724800000, 0x0000000724800000, 0x0000000724a00000|  0%| F|  |TAMS 0x0000000724800000, 0x0000000724800000| Untracked 
| 293|0x0000000724a00000, 0x0000000724a00000, 0x0000000724c00000|  0%| F|  |TAMS 0x0000000724a00000, 0x0000000724a00000| Untracked 
| 294|0x0000000724c00000, 0x0000000724c00000, 0x0000000724e00000|  0%| F|  |TAMS 0x0000000724c00000, 0x0000000724c00000| Untracked 
| 295|0x0000000724e00000, 0x0000000724e00000, 0x0000000725000000|  0%| F|  |TAMS 0x0000000724e00000, 0x0000000724e00000| Untracked 
| 296|0x0000000725000000, 0x0000000725000000, 0x0000000725200000|  0%| F|  |TAMS 0x0000000725000000, 0x0000000725000000| Untracked 
| 297|0x0000000725200000, 0x0000000725200000, 0x0000000725400000|  0%| F|  |TAMS 0x0000000725200000, 0x0000000725200000| Untracked 
| 298|0x0000000725400000, 0x0000000725400000, 0x0000000725600000|  0%| F|  |TAMS 0x0000000725400000, 0x0000000725400000| Untracked 
| 299|0x0000000725600000, 0x0000000725600000, 0x0000000725800000|  0%| F|  |TAMS 0x0000000725600000, 0x0000000725600000| Untracked 
| 300|0x0000000725800000, 0x0000000725800000, 0x0000000725a00000|  0%| F|  |TAMS 0x0000000725800000, 0x0000000725800000| Untracked 
| 301|0x0000000725a00000, 0x0000000725a00000, 0x0000000725c00000|  0%| F|  |TAMS 0x0000000725a00000, 0x0000000725a00000| Untracked 
| 302|0x0000000725c00000, 0x0000000725c00000, 0x0000000725e00000|  0%| F|  |TAMS 0x0000000725c00000, 0x0000000725c00000| Untracked 
| 303|0x0000000725e00000, 0x0000000725e00000, 0x0000000726000000|  0%| F|  |TAMS 0x0000000725e00000, 0x0000000725e00000| Untracked 
| 304|0x0000000726000000, 0x0000000726000000, 0x0000000726200000|  0%| F|  |TAMS 0x0000000726000000, 0x0000000726000000| Untracked 
| 305|0x0000000726200000, 0x0000000726200000, 0x0000000726400000|  0%| F|  |TAMS 0x0000000726200000, 0x0000000726200000| Untracked 
| 306|0x0000000726400000, 0x0000000726400000, 0x0000000726600000|  0%| F|  |TAMS 0x0000000726400000, 0x0000000726400000| Untracked 
| 307|0x0000000726600000, 0x0000000726600000, 0x0000000726800000|  0%| F|  |TAMS 0x0000000726600000, 0x0000000726600000| Untracked 
| 308|0x0000000726800000, 0x0000000726800000, 0x0000000726a00000|  0%| F|  |TAMS 0x0000000726800000, 0x0000000726800000| Untracked 
| 309|0x0000000726a00000, 0x0000000726a00000, 0x0000000726c00000|  0%| F|  |TAMS 0x0000000726a00000, 0x0000000726a00000| Untracked 
| 310|0x0000000726c00000, 0x0000000726c00000, 0x0000000726e00000|  0%| F|  |TAMS 0x0000000726c00000, 0x0000000726c00000| Untracked 
| 311|0x0000000726e00000, 0x0000000726e00000, 0x0000000727000000|  0%| F|  |TAMS 0x0000000726e00000, 0x0000000726e00000| Untracked 
| 312|0x0000000727000000, 0x0000000727000000, 0x0000000727200000|  0%| F|  |TAMS 0x0000000727000000, 0x0000000727000000| Untracked 
| 313|0x0000000727200000, 0x0000000727200000, 0x0000000727400000|  0%| F|  |TAMS 0x0000000727200000, 0x0000000727200000| Untracked 
| 314|0x0000000727400000, 0x0000000727400000, 0x0000000727600000|  0%| F|  |TAMS 0x0000000727400000, 0x0000000727400000| Untracked 
| 315|0x0000000727600000, 0x0000000727600000, 0x0000000727800000|  0%| F|  |TAMS 0x0000000727600000, 0x0000000727600000| Untracked 
| 316|0x0000000727800000, 0x0000000727800000, 0x0000000727a00000|  0%| F|  |TAMS 0x0000000727800000, 0x0000000727800000| Untracked 
| 317|0x0000000727a00000, 0x0000000727a00000, 0x0000000727c00000|  0%| F|  |TAMS 0x0000000727a00000, 0x0000000727a00000| Untracked 
| 318|0x0000000727c00000, 0x0000000727c00000, 0x0000000727e00000|  0%| F|  |TAMS 0x0000000727c00000, 0x0000000727c00000| Untracked 
| 319|0x0000000727e00000, 0x0000000727e00000, 0x0000000728000000|  0%| F|  |TAMS 0x0000000727e00000, 0x0000000727e00000| Untracked 
| 320|0x0000000728000000, 0x0000000728000000, 0x0000000728200000|  0%| F|  |TAMS 0x0000000728000000, 0x0000000728000000| Untracked 
| 321|0x0000000728200000, 0x0000000728200000, 0x0000000728400000|  0%| F|  |TAMS 0x0000000728200000, 0x0000000728200000| Untracked 
| 322|0x0000000728400000, 0x0000000728400000, 0x0000000728600000|  0%| F|  |TAMS 0x0000000728400000, 0x0000000728400000| Untracked 
| 323|0x0000000728600000, 0x0000000728600000, 0x0000000728800000|  0%| F|  |TAMS 0x0000000728600000, 0x0000000728600000| Untracked 
| 324|0x0000000728800000, 0x0000000728800000, 0x0000000728a00000|  0%| F|  |TAMS 0x0000000728800000, 0x0000000728800000| Untracked 
| 325|0x0000000728a00000, 0x0000000728a00000, 0x0000000728c00000|  0%| F|  |TAMS 0x0000000728a00000, 0x0000000728a00000| Untracked 
| 326|0x0000000728c00000, 0x0000000728c00000, 0x0000000728e00000|  0%| F|  |TAMS 0x0000000728c00000, 0x0000000728c00000| Untracked 
| 327|0x0000000728e00000, 0x0000000728e00000, 0x0000000729000000|  0%| F|  |TAMS 0x0000000728e00000, 0x0000000728e00000| Untracked 
| 328|0x0000000729000000, 0x0000000729000000, 0x0000000729200000|  0%| F|  |TAMS 0x0000000729000000, 0x0000000729000000| Untracked 
| 329|0x0000000729200000, 0x0000000729200000, 0x0000000729400000|  0%| F|  |TAMS 0x0000000729200000, 0x0000000729200000| Untracked 
| 330|0x0000000729400000, 0x0000000729400000, 0x0000000729600000|  0%| F|  |TAMS 0x0000000729400000, 0x0000000729400000| Untracked 
| 331|0x0000000729600000, 0x0000000729600000, 0x0000000729800000|  0%| F|  |TAMS 0x0000000729600000, 0x0000000729600000| Untracked 
| 332|0x0000000729800000, 0x0000000729800000, 0x0000000729a00000|  0%| F|  |TAMS 0x0000000729800000, 0x0000000729800000| Untracked 
| 333|0x0000000729a00000, 0x0000000729a00000, 0x0000000729c00000|  0%| F|  |TAMS 0x0000000729a00000, 0x0000000729a00000| Untracked 
| 334|0x0000000729c00000, 0x0000000729c00000, 0x0000000729e00000|  0%| F|  |TAMS 0x0000000729c00000, 0x0000000729c00000| Untracked 
| 335|0x0000000729e00000, 0x0000000729e00000, 0x000000072a000000|  0%| F|  |TAMS 0x0000000729e00000, 0x0000000729e00000| Untracked 
| 336|0x000000072a000000, 0x000000072a000000, 0x000000072a200000|  0%| F|  |TAMS 0x000000072a000000, 0x000000072a000000| Untracked 
| 337|0x000000072a200000, 0x000000072a200000, 0x000000072a400000|  0%| F|  |TAMS 0x000000072a200000, 0x000000072a200000| Untracked 
| 338|0x000000072a400000, 0x000000072a400000, 0x000000072a600000|  0%| F|  |TAMS 0x000000072a400000, 0x000000072a400000| Untracked 
| 339|0x000000072a600000, 0x000000072a600000, 0x000000072a800000|  0%| F|  |TAMS 0x000000072a600000, 0x000000072a600000| Untracked 
| 340|0x000000072a800000, 0x000000072a800000, 0x000000072aa00000|  0%| F|  |TAMS 0x000000072a800000, 0x000000072a800000| Untracked 
| 341|0x000000072aa00000, 0x000000072aa00000, 0x000000072ac00000|  0%| F|  |TAMS 0x000000072aa00000, 0x000000072aa00000| Untracked 
| 342|0x000000072ac00000, 0x000000072ac00000, 0x000000072ae00000|  0%| F|  |TAMS 0x000000072ac00000, 0x000000072ac00000| Untracked 
| 343|0x000000072ae00000, 0x000000072ae00000, 0x000000072b000000|  0%| F|  |TAMS 0x000000072ae00000, 0x000000072ae00000| Untracked 
| 344|0x000000072b000000, 0x000000072b000000, 0x000000072b200000|  0%| F|  |TAMS 0x000000072b000000, 0x000000072b000000| Untracked 
| 345|0x000000072b200000, 0x000000072b200000, 0x000000072b400000|  0%| F|  |TAMS 0x000000072b200000, 0x000000072b200000| Untracked 
| 346|0x000000072b400000, 0x000000072b400000, 0x000000072b600000|  0%| F|  |TAMS 0x000000072b400000, 0x000000072b400000| Untracked 
| 347|0x000000072b600000, 0x000000072b600000, 0x000000072b800000|  0%| F|  |TAMS 0x000000072b600000, 0x000000072b600000| Untracked 
| 348|0x000000072b800000, 0x000000072b800000, 0x000000072ba00000|  0%| F|  |TAMS 0x000000072b800000, 0x000000072b800000| Untracked 
| 349|0x000000072ba00000, 0x000000072ba00000, 0x000000072bc00000|  0%| F|  |TAMS 0x000000072ba00000, 0x000000072ba00000| Untracked 
| 350|0x000000072bc00000, 0x000000072bc00000, 0x000000072be00000|  0%| F|  |TAMS 0x000000072bc00000, 0x000000072bc00000| Untracked 
| 351|0x000000072be00000, 0x000000072be00000, 0x000000072c000000|  0%| F|  |TAMS 0x000000072be00000, 0x000000072be00000| Untracked 
| 352|0x000000072c000000, 0x000000072c000000, 0x000000072c200000|  0%| F|  |TAMS 0x000000072c000000, 0x000000072c000000| Untracked 
| 353|0x000000072c200000, 0x000000072c200000, 0x000000072c400000|  0%| F|  |TAMS 0x000000072c200000, 0x000000072c200000| Untracked 
| 354|0x000000072c400000, 0x000000072c400000, 0x000000072c600000|  0%| F|  |TAMS 0x000000072c400000, 0x000000072c400000| Untracked 
| 355|0x000000072c600000, 0x000000072c600000, 0x000000072c800000|  0%| F|  |TAMS 0x000000072c600000, 0x000000072c600000| Untracked 
| 356|0x000000072c800000, 0x000000072c800000, 0x000000072ca00000|  0%| F|  |TAMS 0x000000072c800000, 0x000000072c800000| Untracked 
| 357|0x000000072ca00000, 0x000000072ca00000, 0x000000072cc00000|  0%| F|  |TAMS 0x000000072ca00000, 0x000000072ca00000| Untracked 
| 358|0x000000072cc00000, 0x000000072cc00000, 0x000000072ce00000|  0%| F|  |TAMS 0x000000072cc00000, 0x000000072cc00000| Untracked 
| 359|0x000000072ce00000, 0x000000072ce00000, 0x000000072d000000|  0%| F|  |TAMS 0x000000072ce00000, 0x000000072ce00000| Untracked 
| 360|0x000000072d000000, 0x000000072d000000, 0x000000072d200000|  0%| F|  |TAMS 0x000000072d000000, 0x000000072d000000| Untracked 
| 361|0x000000072d200000, 0x000000072d200000, 0x000000072d400000|  0%| F|  |TAMS 0x000000072d200000, 0x000000072d200000| Untracked 
| 362|0x000000072d400000, 0x000000072d400000, 0x000000072d600000|  0%| F|  |TAMS 0x000000072d400000, 0x000000072d400000| Untracked 
| 363|0x000000072d600000, 0x000000072d600000, 0x000000072d800000|  0%| F|  |TAMS 0x000000072d600000, 0x000000072d600000| Untracked 
| 364|0x000000072d800000, 0x000000072d800000, 0x000000072da00000|  0%| F|  |TAMS 0x000000072d800000, 0x000000072d800000| Untracked 
| 365|0x000000072da00000, 0x000000072da00000, 0x000000072dc00000|  0%| F|  |TAMS 0x000000072da00000, 0x000000072da00000| Untracked 
| 366|0x000000072dc00000, 0x000000072dc00000, 0x000000072de00000|  0%| F|  |TAMS 0x000000072dc00000, 0x000000072dc00000| Untracked 
| 367|0x000000072de00000, 0x000000072de00000, 0x000000072e000000|  0%| F|  |TAMS 0x000000072de00000, 0x000000072de00000| Untracked 
| 368|0x000000072e000000, 0x000000072e000000, 0x000000072e200000|  0%| F|  |TAMS 0x000000072e000000, 0x000000072e000000| Untracked 
| 369|0x000000072e200000, 0x000000072e200000, 0x000000072e400000|  0%| F|  |TAMS 0x000000072e200000, 0x000000072e200000| Untracked 
| 370|0x000000072e400000, 0x000000072e400000, 0x000000072e600000|  0%| F|  |TAMS 0x000000072e400000, 0x000000072e400000| Untracked 
| 371|0x000000072e600000, 0x000000072e600000, 0x000000072e800000|  0%| F|  |TAMS 0x000000072e600000, 0x000000072e600000| Untracked 
| 372|0x000000072e800000, 0x000000072e800000, 0x000000072ea00000|  0%| F|  |TAMS 0x000000072e800000, 0x000000072e800000| Untracked 
| 373|0x000000072ea00000, 0x000000072ea00000, 0x000000072ec00000|  0%| F|  |TAMS 0x000000072ea00000, 0x000000072ea00000| Untracked 
| 374|0x000000072ec00000, 0x000000072ec00000, 0x000000072ee00000|  0%| F|  |TAMS 0x000000072ec00000, 0x000000072ec00000| Untracked 
| 375|0x000000072ee00000, 0x000000072ee00000, 0x000000072f000000|  0%| F|  |TAMS 0x000000072ee00000, 0x000000072ee00000| Untracked 
| 376|0x000000072f000000, 0x000000072f000000, 0x000000072f200000|  0%| F|  |TAMS 0x000000072f000000, 0x000000072f000000| Untracked 
| 377|0x000000072f200000, 0x000000072f200000, 0x000000072f400000|  0%| F|  |TAMS 0x000000072f200000, 0x000000072f200000| Untracked 
| 378|0x000000072f400000, 0x000000072f400000, 0x000000072f600000|  0%| F|  |TAMS 0x000000072f400000, 0x000000072f400000| Untracked 
| 379|0x000000072f600000, 0x000000072f600000, 0x000000072f800000|  0%| F|  |TAMS 0x000000072f600000, 0x000000072f600000| Untracked 
| 380|0x000000072f800000, 0x000000072f800000, 0x000000072fa00000|  0%| F|  |TAMS 0x000000072f800000, 0x000000072f800000| Untracked 
| 381|0x000000072fa00000, 0x000000072fa00000, 0x000000072fc00000|  0%| F|  |TAMS 0x000000072fa00000, 0x000000072fa00000| Untracked 
| 382|0x000000072fc00000, 0x000000072fc00000, 0x000000072fe00000|  0%| F|  |TAMS 0x000000072fc00000, 0x000000072fc00000| Untracked 
| 383|0x000000072fe00000, 0x000000072fe00000, 0x0000000730000000|  0%| F|  |TAMS 0x000000072fe00000, 0x000000072fe00000| Untracked 
| 384|0x0000000730000000, 0x0000000730000000, 0x0000000730200000|  0%| F|  |TAMS 0x0000000730000000, 0x0000000730000000| Untracked 
| 385|0x0000000730200000, 0x0000000730200000, 0x0000000730400000|  0%| F|  |TAMS 0x0000000730200000, 0x0000000730200000| Untracked 
| 386|0x0000000730400000, 0x0000000730400000, 0x0000000730600000|  0%| F|  |TAMS 0x0000000730400000, 0x0000000730400000| Untracked 
| 387|0x0000000730600000, 0x0000000730600000, 0x0000000730800000|  0%| F|  |TAMS 0x0000000730600000, 0x0000000730600000| Untracked 
| 388|0x0000000730800000, 0x0000000730800000, 0x0000000730a00000|  0%| F|  |TAMS 0x0000000730800000, 0x0000000730800000| Untracked 
| 389|0x0000000730a00000, 0x0000000730a00000, 0x0000000730c00000|  0%| F|  |TAMS 0x0000000730a00000, 0x0000000730a00000| Untracked 
| 390|0x0000000730c00000, 0x0000000730c00000, 0x0000000730e00000|  0%| F|  |TAMS 0x0000000730c00000, 0x0000000730c00000| Untracked 
| 391|0x0000000730e00000, 0x0000000730e00000, 0x0000000731000000|  0%| F|  |TAMS 0x0000000730e00000, 0x0000000730e00000| Untracked 
| 392|0x0000000731000000, 0x0000000731000000, 0x0000000731200000|  0%| F|  |TAMS 0x0000000731000000, 0x0000000731000000| Untracked 
| 393|0x0000000731200000, 0x0000000731200000, 0x0000000731400000|  0%| F|  |TAMS 0x0000000731200000, 0x0000000731200000| Untracked 
| 394|0x0000000731400000, 0x0000000731400000, 0x0000000731600000|  0%| F|  |TAMS 0x0000000731400000, 0x0000000731400000| Untracked 
| 395|0x0000000731600000, 0x0000000731600000, 0x0000000731800000|  0%| F|  |TAMS 0x0000000731600000, 0x0000000731600000| Untracked 
| 396|0x0000000731800000, 0x0000000731800000, 0x0000000731a00000|  0%| F|  |TAMS 0x0000000731800000, 0x0000000731800000| Untracked 
| 397|0x0000000731a00000, 0x0000000731a00000, 0x0000000731c00000|  0%| F|  |TAMS 0x0000000731a00000, 0x0000000731a00000| Untracked 
| 398|0x0000000731c00000, 0x0000000731c00000, 0x0000000731e00000|  0%| F|  |TAMS 0x0000000731c00000, 0x0000000731c00000| Untracked 
| 399|0x0000000731e00000, 0x0000000731e00000, 0x0000000732000000|  0%| F|  |TAMS 0x0000000731e00000, 0x0000000731e00000| Untracked 
| 400|0x0000000732000000, 0x0000000732000000, 0x0000000732200000|  0%| F|  |TAMS 0x0000000732000000, 0x0000000732000000| Untracked 
| 401|0x0000000732200000, 0x0000000732200000, 0x0000000732400000|  0%| F|  |TAMS 0x0000000732200000, 0x0000000732200000| Untracked 
| 402|0x0000000732400000, 0x0000000732400000, 0x0000000732600000|  0%| F|  |TAMS 0x0000000732400000, 0x0000000732400000| Untracked 
| 403|0x0000000732600000, 0x0000000732600000, 0x0000000732800000|  0%| F|  |TAMS 0x0000000732600000, 0x0000000732600000| Untracked 
| 404|0x0000000732800000, 0x0000000732800000, 0x0000000732a00000|  0%| F|  |TAMS 0x0000000732800000, 0x0000000732800000| Untracked 
| 405|0x0000000732a00000, 0x0000000732a00000, 0x0000000732c00000|  0%| F|  |TAMS 0x0000000732a00000, 0x0000000732a00000| Untracked 
| 406|0x0000000732c00000, 0x0000000732c00000, 0x0000000732e00000|  0%| F|  |TAMS 0x0000000732c00000, 0x0000000732c00000| Untracked 
| 407|0x0000000732e00000, 0x0000000732e00000, 0x0000000733000000|  0%| F|  |TAMS 0x0000000732e00000, 0x0000000732e00000| Untracked 
| 408|0x0000000733000000, 0x0000000733000000, 0x0000000733200000|  0%| F|  |TAMS 0x0000000733000000, 0x0000000733000000| Untracked 
| 409|0x0000000733200000, 0x0000000733200000, 0x0000000733400000|  0%| F|  |TAMS 0x0000000733200000, 0x0000000733200000| Untracked 
| 410|0x0000000733400000, 0x0000000733400000, 0x0000000733600000|  0%| F|  |TAMS 0x0000000733400000, 0x0000000733400000| Untracked 
| 411|0x0000000733600000, 0x0000000733600000, 0x0000000733800000|  0%| F|  |TAMS 0x0000000733600000, 0x0000000733600000| Untracked 
| 412|0x0000000733800000, 0x0000000733800000, 0x0000000733a00000|  0%| F|  |TAMS 0x0000000733800000, 0x0000000733800000| Untracked 
| 413|0x0000000733a00000, 0x0000000733a00000, 0x0000000733c00000|  0%| F|  |TAMS 0x0000000733a00000, 0x0000000733a00000| Untracked 
| 414|0x0000000733c00000, 0x0000000733c00000, 0x0000000733e00000|  0%| F|  |TAMS 0x0000000733c00000, 0x0000000733c00000| Untracked 
| 415|0x0000000733e00000, 0x0000000733e00000, 0x0000000734000000|  0%| F|  |TAMS 0x0000000733e00000, 0x0000000733e00000| Untracked 
| 416|0x0000000734000000, 0x0000000734000000, 0x0000000734200000|  0%| F|  |TAMS 0x0000000734000000, 0x0000000734000000| Untracked 
| 417|0x0000000734200000, 0x0000000734200000, 0x0000000734400000|  0%| F|  |TAMS 0x0000000734200000, 0x0000000734200000| Untracked 
| 418|0x0000000734400000, 0x0000000734400000, 0x0000000734600000|  0%| F|  |TAMS 0x0000000734400000, 0x0000000734400000| Untracked 
| 419|0x0000000734600000, 0x0000000734600000, 0x0000000734800000|  0%| F|  |TAMS 0x0000000734600000, 0x0000000734600000| Untracked 
| 420|0x0000000734800000, 0x0000000734800000, 0x0000000734a00000|  0%| F|  |TAMS 0x0000000734800000, 0x0000000734800000| Untracked 
| 421|0x0000000734a00000, 0x0000000734a00000, 0x0000000734c00000|  0%| F|  |TAMS 0x0000000734a00000, 0x0000000734a00000| Untracked 
| 422|0x0000000734c00000, 0x0000000734c00000, 0x0000000734e00000|  0%| F|  |TAMS 0x0000000734c00000, 0x0000000734c00000| Untracked 
| 423|0x0000000734e00000, 0x0000000734e00000, 0x0000000735000000|  0%| F|  |TAMS 0x0000000734e00000, 0x0000000734e00000| Untracked 
| 424|0x0000000735000000, 0x0000000735000000, 0x0000000735200000|  0%| F|  |TAMS 0x0000000735000000, 0x0000000735000000| Untracked 
| 425|0x0000000735200000, 0x0000000735200000, 0x0000000735400000|  0%| F|  |TAMS 0x0000000735200000, 0x0000000735200000| Untracked 
| 426|0x0000000735400000, 0x0000000735400000, 0x0000000735600000|  0%| F|  |TAMS 0x0000000735400000, 0x0000000735400000| Untracked 
| 427|0x0000000735600000, 0x0000000735600000, 0x0000000735800000|  0%| F|  |TAMS 0x0000000735600000, 0x0000000735600000| Untracked 
| 428|0x0000000735800000, 0x0000000735800000, 0x0000000735a00000|  0%| F|  |TAMS 0x0000000735800000, 0x0000000735800000| Untracked 
| 429|0x0000000735a00000, 0x0000000735a00000, 0x0000000735c00000|  0%| F|  |TAMS 0x0000000735a00000, 0x0000000735a00000| Untracked 
| 430|0x0000000735c00000, 0x0000000735c00000, 0x0000000735e00000|  0%| F|  |TAMS 0x0000000735c00000, 0x0000000735c00000| Untracked 
| 431|0x0000000735e00000, 0x0000000735e00000, 0x0000000736000000|  0%| F|  |TAMS 0x0000000735e00000, 0x0000000735e00000| Untracked 
| 432|0x0000000736000000, 0x0000000736000000, 0x0000000736200000|  0%| F|  |TAMS 0x0000000736000000, 0x0000000736000000| Untracked 
| 433|0x0000000736200000, 0x0000000736200000, 0x0000000736400000|  0%| F|  |TAMS 0x0000000736200000, 0x0000000736200000| Untracked 
| 434|0x0000000736400000, 0x0000000736400000, 0x0000000736600000|  0%| F|  |TAMS 0x0000000736400000, 0x0000000736400000| Untracked 
| 435|0x0000000736600000, 0x0000000736600000, 0x0000000736800000|  0%| F|  |TAMS 0x0000000736600000, 0x0000000736600000| Untracked 
| 436|0x0000000736800000, 0x0000000736800000, 0x0000000736a00000|  0%| F|  |TAMS 0x0000000736800000, 0x0000000736800000| Untracked 
| 437|0x0000000736a00000, 0x0000000736a00000, 0x0000000736c00000|  0%| F|  |TAMS 0x0000000736a00000, 0x0000000736a00000| Untracked 
| 438|0x0000000736c00000, 0x0000000736c00000, 0x0000000736e00000|  0%| F|  |TAMS 0x0000000736c00000, 0x0000000736c00000| Untracked 
| 439|0x0000000736e00000, 0x0000000736e00000, 0x0000000737000000|  0%| F|  |TAMS 0x0000000736e00000, 0x0000000736e00000| Untracked 
| 440|0x0000000737000000, 0x0000000737000000, 0x0000000737200000|  0%| F|  |TAMS 0x0000000737000000, 0x0000000737000000| Untracked 
| 441|0x0000000737200000, 0x0000000737200000, 0x0000000737400000|  0%| F|  |TAMS 0x0000000737200000, 0x0000000737200000| Untracked 
| 442|0x0000000737400000, 0x0000000737400000, 0x0000000737600000|  0%| F|  |TAMS 0x0000000737400000, 0x0000000737400000| Untracked 
| 443|0x0000000737600000, 0x0000000737600000, 0x0000000737800000|  0%| F|  |TAMS 0x0000000737600000, 0x0000000737600000| Untracked 
| 444|0x0000000737800000, 0x0000000737800000, 0x0000000737a00000|  0%| F|  |TAMS 0x0000000737800000, 0x0000000737800000| Untracked 
| 445|0x0000000737a00000, 0x0000000737a00000, 0x0000000737c00000|  0%| F|  |TAMS 0x0000000737a00000, 0x0000000737a00000| Untracked 
| 446|0x0000000737c00000, 0x0000000737c00000, 0x0000000737e00000|  0%| F|  |TAMS 0x0000000737c00000, 0x0000000737c00000| Untracked 
| 447|0x0000000737e00000, 0x0000000737e00000, 0x0000000738000000|  0%| F|  |TAMS 0x0000000737e00000, 0x0000000737e00000| Untracked 
| 448|0x0000000738000000, 0x0000000738000000, 0x0000000738200000|  0%| F|  |TAMS 0x0000000738000000, 0x0000000738000000| Untracked 
| 449|0x0000000738200000, 0x0000000738200000, 0x0000000738400000|  0%| F|  |TAMS 0x0000000738200000, 0x0000000738200000| Untracked 
| 450|0x0000000738400000, 0x0000000738400000, 0x0000000738600000|  0%| F|  |TAMS 0x0000000738400000, 0x0000000738400000| Untracked 
| 451|0x0000000738600000, 0x0000000738600000, 0x0000000738800000|  0%| F|  |TAMS 0x0000000738600000, 0x0000000738600000| Untracked 
| 452|0x0000000738800000, 0x0000000738800000, 0x0000000738a00000|  0%| F|  |TAMS 0x0000000738800000, 0x0000000738800000| Untracked 
| 453|0x0000000738a00000, 0x0000000738a00000, 0x0000000738c00000|  0%| F|  |TAMS 0x0000000738a00000, 0x0000000738a00000| Untracked 
| 454|0x0000000738c00000, 0x0000000738c00000, 0x0000000738e00000|  0%| F|  |TAMS 0x0000000738c00000, 0x0000000738c00000| Untracked 
| 455|0x0000000738e00000, 0x0000000738e00000, 0x0000000739000000|  0%| F|  |TAMS 0x0000000738e00000, 0x0000000738e00000| Untracked 
| 456|0x0000000739000000, 0x0000000739000000, 0x0000000739200000|  0%| F|  |TAMS 0x0000000739000000, 0x0000000739000000| Untracked 
| 457|0x0000000739200000, 0x0000000739200000, 0x0000000739400000|  0%| F|  |TAMS 0x0000000739200000, 0x0000000739200000| Untracked 
| 458|0x0000000739400000, 0x0000000739400000, 0x0000000739600000|  0%| F|  |TAMS 0x0000000739400000, 0x0000000739400000| Untracked 
| 459|0x0000000739600000, 0x0000000739600000, 0x0000000739800000|  0%| F|  |TAMS 0x0000000739600000, 0x0000000739600000| Untracked 
| 460|0x0000000739800000, 0x0000000739800000, 0x0000000739a00000|  0%| F|  |TAMS 0x0000000739800000, 0x0000000739800000| Untracked 
| 461|0x0000000739a00000, 0x0000000739a00000, 0x0000000739c00000|  0%| F|  |TAMS 0x0000000739a00000, 0x0000000739a00000| Untracked 
| 462|0x0000000739c00000, 0x0000000739c00000, 0x0000000739e00000|  0%| F|  |TAMS 0x0000000739c00000, 0x0000000739c00000| Untracked 
| 463|0x0000000739e00000, 0x0000000739e00000, 0x000000073a000000|  0%| F|  |TAMS 0x0000000739e00000, 0x0000000739e00000| Untracked 
| 464|0x000000073a000000, 0x000000073a000000, 0x000000073a200000|  0%| F|  |TAMS 0x000000073a000000, 0x000000073a000000| Untracked 
| 465|0x000000073a200000, 0x000000073a200000, 0x000000073a400000|  0%| F|  |TAMS 0x000000073a200000, 0x000000073a200000| Untracked 
| 466|0x000000073a400000, 0x000000073a400000, 0x000000073a600000|  0%| F|  |TAMS 0x000000073a400000, 0x000000073a400000| Untracked 
| 467|0x000000073a600000, 0x000000073a600000, 0x000000073a800000|  0%| F|  |TAMS 0x000000073a600000, 0x000000073a600000| Untracked 
| 468|0x000000073a800000, 0x000000073a800000, 0x000000073aa00000|  0%| F|  |TAMS 0x000000073a800000, 0x000000073a800000| Untracked 
| 469|0x000000073aa00000, 0x000000073aa00000, 0x000000073ac00000|  0%| F|  |TAMS 0x000000073aa00000, 0x000000073aa00000| Untracked 

Card table byte_map: [0x0000010f395d0000,0x0000010f39dd0000] _byte_map_base: 0x0000010f35dd0000

Marking Bits (Prev, Next): (CMBitMap*) 0x0000010f260ecc20, (CMBitMap*) 0x0000010f260ecbe0
 Prev Bits: [0x0000010f3e5d0000, 0x0000010f425d0000)
 Next Bits: [0x0000010f3a5d0000, 0x0000010f3e5d0000)

Polling page: 0x0000010f23e00000

Metaspace:

Usage:
  Non-class:    117.32 MB used.
      Class:     19.20 MB used.
       Both:    136.52 MB used.

Virtual space:
  Non-class space:      128.00 MB reserved,     117.81 MB ( 92%) committed,  2 nodes.
      Class space:        1.00 GB reserved,      19.62 MB (  2%) committed,  1 nodes.
             Both:        1.12 GB reserved,     137.44 MB ( 12%) committed. 

Chunk freelists:
   Non-Class:  9.78 MB
       Class:  12.27 MB
        Both:  22.05 MB

MaxMetaspaceSize: unlimited
CompressedClassSpaceSize: 1.00 GB
Initial GC threshold: 21.00 MB
Current GC threshold: 228.06 MB
CDS: on
MetaspaceReclaimPolicy: balanced
 - commit_granule_bytes: 65536.
 - commit_granule_words: 8192.
 - virtual_space_node_default_size: 8388608.
 - enlarge_chunks_in_place: 1.
 - new_chunks_are_fully_committed: 0.
 - uncommit_free_chunks: 1.
 - use_allocation_guard: 0.
 - handle_deallocations: 1.


Internal statistics:

num_allocs_failed_limit: 22.
num_arena_births: 1482.
num_arena_deaths: 90.
num_vsnodes_births: 3.
num_vsnodes_deaths: 0.
num_space_committed: 2199.
num_space_uncommitted: 1.
num_chunks_returned_to_freelist: 158.
num_chunks_taken_from_freelist: 7402.
num_chunk_merges: 68.
num_chunk_splits: 4951.
num_chunks_enlarged: 3383.
num_inconsistent_stats: 0.

CodeHeap 'non-profiled nmethods': size=120000Kb used=11417Kb max_used=11417Kb free=108582Kb
 bounds [0x0000010f31330000, 0x0000010f31e60000, 0x0000010f38860000]
CodeHeap 'profiled nmethods': size=120000Kb used=39868Kb max_used=39868Kb free=80131Kb
 bounds [0x0000010f29860000, 0x0000010f2bf50000, 0x0000010f30d90000]
CodeHeap 'non-nmethods': size=5760Kb used=2504Kb max_used=2554Kb free=3255Kb
 bounds [0x0000010f30d90000, 0x0000010f31010000, 0x0000010f31330000]
 total_blobs=19428 nmethods=18376 adapters=963
 compilation: enabled
              stopped_count=0, restarted_count=0
 full_count=0

Compilation events (20 events):
Event: 87.119 Thread 0x0000010f45409300 nmethod 22444 0x0000010f2bf4a090 code [0x0000010f2bf4a2c0, 0x0000010f2bf4a788]
Event: 87.119 Thread 0x0000010f45409300 22445       2       com.android.tools.r8.graph.O5::a (2 bytes)
Event: 87.119 Thread 0x0000010f45409300 nmethod 22445 0x0000010f2bf4ab90 code [0x0000010f2bf4ad20, 0x0000010f2bf4ae38]
Event: 87.121 Thread 0x0000010f45409300 22446       2       com.android.tools.r8.internal.Lw::a (5 bytes)
Event: 87.121 Thread 0x0000010f45409300 nmethod 22446 0x0000010f2bf4af10 code [0x0000010f2bf4b0a0, 0x0000010f2bf4b1f8]
Event: 87.121 Thread 0x0000010f45409300 22447 %     3       com.android.tools.r8.internal.SM::b @ 7 (144 bytes)
Event: 87.122 Thread 0x0000010f45409300 nmethod 22447% 0x0000010f2bf4b290 code [0x0000010f2bf4b520, 0x0000010f2bf4c658]
Event: 87.122 Thread 0x0000010f45409300 22448       2       com.android.tools.r8.utils.structural.i$$Lambda$3868/0x0000010f48338000::a (5 bytes)
Event: 87.122 Thread 0x0000010f45409300 nmethod 22448 0x0000010f2bf4cb90 code [0x0000010f2bf4cd20, 0x0000010f2bf4ce38]
Event: 87.122 Thread 0x0000010f45409300 22449       2       com.android.tools.r8.utils.structural.i::a (2 bytes)
Event: 87.122 Thread 0x0000010f45409300 nmethod 22449 0x0000010f2bf4cf10 code [0x0000010f2bf4d0a0, 0x0000010f2bf4d198]
Event: 87.123 Thread 0x0000010f45409300 22451       2       com.android.tools.r8.internal.G5::d (190 bytes)
Event: 87.123 Thread 0x0000010f45409300 nmethod 22451 0x0000010f2bf4d210 code [0x0000010f2bf4d480, 0x0000010f2bf4dc38]
Event: 87.123 Thread 0x0000010f45409300 22450       2       com.android.tools.r8.internal.kn0::<init> (15 bytes)
Event: 87.124 Thread 0x0000010f45409300 nmethod 22450 0x0000010f2bf4e290 code [0x0000010f2bf4e420, 0x0000010f2bf4e5f8]
Event: 87.124 Thread 0x0000010f45409300 22452       2       com.android.tools.r8.internal.jm::<init> (10 bytes)
Event: 87.124 Thread 0x0000010f45409300 nmethod 22452 0x0000010f2bf4e690 code [0x0000010f2bf4e820, 0x0000010f2bf4e978]
Event: 87.124 Thread 0x0000010f45409300 22454       2       com.android.tools.r8.internal.pY::a (62 bytes)
Event: 87.125 Thread 0x0000010f45409300 nmethod 22454 0x0000010f2bf4ea10 code [0x0000010f2bf4ec00, 0x0000010f2bf4ef48]
Event: 87.125 Thread 0x0000010f45409300 22455       2       com.android.tools.r8.ir.optimize.a::a (67 bytes)

GC Heap History (20 events):
Event: 84.529 GC heap after
{Heap after GC invocations=50 (full 0):
 garbage-first heap   total 399360K, used 223582K [0x0000000700000000, 0x0000000800000000)
  region size 2048K, 9 young (18432K), 9 survivors (18432K)
 Metaspace       used 126337K, committed 127232K, reserved 1179648K
  class space    used 17543K, committed 17920K, reserved 1048576K
}
Event: 84.734 GC heap before
{Heap before GC invocations=50 (full 0):
 garbage-first heap   total 399360K, used 313694K [0x0000000700000000, 0x0000000800000000)
  region size 2048K, 53 young (108544K), 9 survivors (18432K)
 Metaspace       used 129638K, committed 130560K, reserved 1179648K
  class space    used 18100K, committed 18496K, reserved 1048576K
}
Event: 84.750 GC heap after
{Heap after GC invocations=51 (full 0):
 garbage-first heap   total 399360K, used 239097K [0x0000000700000000, 0x0000000800000000)
  region size 2048K, 7 young (14336K), 7 survivors (14336K)
 Metaspace       used 129638K, committed 130560K, reserved 1179648K
  class space    used 18100K, committed 18496K, reserved 1048576K
}
Event: 84.793 GC heap before
{Heap before GC invocations=51 (full 0):
 garbage-first heap   total 399360K, used 321017K [0x0000000700000000, 0x0000000800000000)
  region size 2048K, 47 young (96256K), 7 survivors (14336K)
 Metaspace       used 130152K, committed 131072K, reserved 1179648K
  class space    used 18157K, committed 18560K, reserved 1048576K
}
Event: 84.807 GC heap after
{Heap after GC invocations=52 (full 0):
 garbage-first heap   total 399360K, used 253007K [0x0000000700000000, 0x0000000800000000)
  region size 2048K, 6 young (12288K), 6 survivors (12288K)
 Metaspace       used 130152K, committed 131072K, reserved 1179648K
  class space    used 18157K, committed 18560K, reserved 1048576K
}
Event: 84.822 GC heap before
{Heap before GC invocations=52 (full 0):
 garbage-first heap   total 399360K, used 285775K [0x0000000700000000, 0x0000000800000000)
  region size 2048K, 23 young (47104K), 6 survivors (12288K)
 Metaspace       used 130403K, committed 131328K, reserved 1179648K
  class space    used 18189K, committed 18624K, reserved 1048576K
}
Event: 84.831 GC heap after
{Heap after GC invocations=53 (full 0):
 garbage-first heap   total 399360K, used 261689K [0x0000000700000000, 0x0000000800000000)
  region size 2048K, 4 young (8192K), 4 survivors (8192K)
 Metaspace       used 130403K, committed 131328K, reserved 1179648K
  class space    used 18189K, committed 18624K, reserved 1048576K
}
Event: 84.875 GC heap before
{Heap before GC invocations=53 (full 0):
 garbage-first heap   total 399360K, used 327225K [0x0000000700000000, 0x0000000800000000)
  region size 2048K, 36 young (73728K), 4 survivors (8192K)
 Metaspace       used 130712K, committed 131648K, reserved 1179648K
  class space    used 18278K, committed 18688K, reserved 1048576K
}
Event: 84.886 GC heap after
{Heap after GC invocations=54 (full 0):
 garbage-first heap   total 962560K, used 273413K [0x0000000700000000, 0x0000000800000000)
  region size 2048K, 5 young (10240K), 5 survivors (10240K)
 Metaspace       used 130712K, committed 131648K, reserved 1179648K
  class space    used 18278K, committed 18688K, reserved 1048576K
}
Event: 85.619 GC heap before
{Heap before GC invocations=55 (full 0):
 garbage-first heap   total 962560K, used 687109K [0x0000000700000000, 0x0000000800000000)
  region size 2048K, 209 young (428032K), 5 survivors (10240K)
 Metaspace       used 138068K, committed 138944K, reserved 1179648K
  class space    used 19618K, committed 20032K, reserved 1048576K
}
Event: 85.655 GC heap after
{Heap after GC invocations=56 (full 0):
 garbage-first heap   total 962560K, used 327355K [0x0000000700000000, 0x0000000800000000)
  region size 2048K, 27 young (55296K), 27 survivors (55296K)
 Metaspace       used 138068K, committed 138944K, reserved 1179648K
  class space    used 19618K, committed 20032K, reserved 1048576K
}
Event: 85.658 GC heap before
{Heap before GC invocations=56 (full 0):
 garbage-first heap   total 962560K, used 329403K [0x0000000700000000, 0x0000000800000000)
  region size 2048K, 28 young (57344K), 27 survivors (55296K)
 Metaspace       used 138071K, committed 138944K, reserved 1179648K
  class space    used 19618K, committed 20032K, reserved 1048576K
}
Event: 85.677 GC heap after
{Heap after GC invocations=57 (full 0):
 garbage-first heap   total 962560K, used 330406K [0x0000000700000000, 0x0000000800000000)
  region size 2048K, 3 young (6144K), 3 survivors (6144K)
 Metaspace       used 138071K, committed 138944K, reserved 1179648K
  class space    used 19618K, committed 20032K, reserved 1048576K
}
Event: 86.100 GC heap before
{Heap before GC invocations=57 (full 0):
 garbage-first heap   total 962560K, used 662182K [0x0000000700000000, 0x0000000800000000)
  region size 2048K, 165 young (337920K), 3 survivors (6144K)
 Metaspace       used 138885K, committed 139840K, reserved 1179648K
  class space    used 19655K, committed 20096K, reserved 1048576K
}
Event: 86.107 GC heap after
{Heap after GC invocations=58 (full 0):
 garbage-first heap   total 962560K, used 333555K [0x0000000700000000, 0x0000000800000000)
  region size 2048K, 5 young (10240K), 5 survivors (10240K)
 Metaspace       used 138885K, committed 139840K, reserved 1179648K
  class space    used 19655K, committed 20096K, reserved 1048576K
}
Event: 86.669 GC heap before
{Heap before GC invocations=59 (full 0):
 garbage-first heap   total 962560K, used 700147K [0x0000000700000000, 0x0000000800000000)
  region size 2048K, 184 young (376832K), 5 survivors (10240K)
 Metaspace       used 139305K, committed 140224K, reserved 1179648K
  class space    used 19651K, committed 20096K, reserved 1048576K
}
Event: 86.677 GC heap after
{Heap after GC invocations=60 (full 0):
 garbage-first heap   total 962560K, used 338285K [0x0000000700000000, 0x0000000800000000)
  region size 2048K, 7 young (14336K), 7 survivors (14336K)
 Metaspace       used 139305K, committed 140224K, reserved 1179648K
  class space    used 19651K, committed 20096K, reserved 1048576K
}
Event: 86.720 GC heap before
{Heap before GC invocations=60 (full 0):
 garbage-first heap   total 962560K, used 371053K [0x0000000700000000, 0x0000000800000000)
  region size 2048K, 23 young (47104K), 7 survivors (14336K)
 Metaspace       used 139312K, committed 140288K, reserved 1179648K
  class space    used 19653K, committed 20096K, reserved 1048576K
}
Event: 86.731 GC heap after
{Heap after GC invocations=61 (full 0):
 garbage-first heap   total 962560K, used 331249K [0x0000000700000000, 0x0000000800000000)
  region size 2048K, 2 young (4096K), 2 survivors (4096K)
 Metaspace       used 139312K, committed 140288K, reserved 1179648K
  class space    used 19653K, committed 20096K, reserved 1048576K
}
Event: 87.125 GC heap before
{Heap before GC invocations=61 (full 0):
 garbage-first heap   total 962560K, used 734705K [0x0000000700000000, 0x0000000800000000)
  region size 2048K, 200 young (409600K), 2 survivors (4096K)
 Metaspace       used 139792K, committed 140736K, reserved 1179648K
  class space    used 19658K, committed 20096K, reserved 1048576K
}

Dll operation events (4 events):
Event: 0.011 Loaded shared library C:\Users\karth\.jdks\jbr-17.0.14\bin\java.dll
Event: 0.024 Loaded shared library C:\Users\karth\.jdks\jbr-17.0.14\bin\jsvml.dll
Event: 0.063 Loaded shared library C:\Users\karth\.jdks\jbr-17.0.14\bin\zip.dll
Event: 0.363 Loaded shared library C:\Users\karth\.jdks\jbr-17.0.14\bin\verify.dll

Deoptimization events (20 events):
Event: 87.008 Thread 0x0000010f8e2fe900 Uncommon trap: trap_request=0xffffffde fr.pc=0x0000010f31e54548 relative=0x00000000000007c8
Event: 87.008 Thread 0x0000010f8e2fe900 Uncommon trap: reason=class_check action=maybe_recompile pc=0x0000010f31e54548 method=com.android.tools.r8.ir.regalloc.b.a(Lcom/android/tools/r8/internal/Lw;Lcom/android/tools/r8/ir/regalloc/a;)Z @ 92 c2
Event: 87.008 Thread 0x0000010f8e2fe900 DEOPT PACKING pc=0x0000010f31e54548 sp=0x0000000367cfbbd0
Event: 87.009 Thread 0x0000010f8e2fe900 DEOPT UNPACKING pc=0x0000010f30de69a3 sp=0x0000000367cfbb78 mode 2
Event: 87.029 Thread 0x0000010f8e2fe900 Uncommon trap: trap_request=0xffffffde fr.pc=0x0000010f31e54548 relative=0x00000000000007c8
Event: 87.029 Thread 0x0000010f8e2fe900 Uncommon trap: reason=class_check action=maybe_recompile pc=0x0000010f31e54548 method=com.android.tools.r8.ir.regalloc.b.a(Lcom/android/tools/r8/internal/Lw;Lcom/android/tools/r8/ir/regalloc/a;)Z @ 92 c2
Event: 87.029 Thread 0x0000010f8e2fe900 DEOPT PACKING pc=0x0000010f31e54548 sp=0x0000000367cfbb40
Event: 87.029 Thread 0x0000010f8e2fe900 DEOPT UNPACKING pc=0x0000010f30de69a3 sp=0x0000000367cfbae8 mode 2
Event: 87.029 Thread 0x0000010f8e2fe900 Uncommon trap: trap_request=0xffffffde fr.pc=0x0000010f31e54548 relative=0x00000000000007c8
Event: 87.029 Thread 0x0000010f8e2fe900 Uncommon trap: reason=class_check action=maybe_recompile pc=0x0000010f31e54548 method=com.android.tools.r8.ir.regalloc.b.a(Lcom/android/tools/r8/internal/Lw;Lcom/android/tools/r8/ir/regalloc/a;)Z @ 92 c2
Event: 87.029 Thread 0x0000010f8e2fe900 DEOPT PACKING pc=0x0000010f31e54548 sp=0x0000000367cfbb40
Event: 87.029 Thread 0x0000010f8e2fe900 DEOPT UNPACKING pc=0x0000010f30de69a3 sp=0x0000000367cfbae8 mode 2
Event: 87.035 Thread 0x0000010f8e2fe900 Uncommon trap: trap_request=0xffffff45 fr.pc=0x0000010f31e4e010 relative=0x00000000000044f0
Event: 87.035 Thread 0x0000010f8e2fe900 Uncommon trap: reason=unstable_if action=reinterpret pc=0x0000010f31e4e010 method=com.android.tools.r8.internal.jn0.a(C)Lcom/android/tools/r8/internal/jn0; @ 1 c2
Event: 87.035 Thread 0x0000010f8e2fe900 DEOPT PACKING pc=0x0000010f31e4e010 sp=0x0000000367cfbe20
Event: 87.035 Thread 0x0000010f8e2fe900 DEOPT UNPACKING pc=0x0000010f30de69a3 sp=0x0000000367cfbcd0 mode 2
Event: 87.084 Thread 0x0000010f456e0d00 DEOPT PACKING pc=0x0000010f2b68695f sp=0x00000003646fb8e0
Event: 87.084 Thread 0x0000010f456e0d00 DEOPT UNPACKING pc=0x0000010f30de7143 sp=0x00000003646fadf8 mode 0
Event: 87.108 Thread 0x0000010f8d41edd0 DEOPT PACKING pc=0x0000010f2bb02efd sp=0x0000000366dfbc70
Event: 87.108 Thread 0x0000010f8d41edd0 DEOPT UNPACKING pc=0x0000010f30de7143 sp=0x0000000366dfb1d8 mode 0

Classes loaded (20 events):
Event: 85.353 Loading class java/util/AbstractList$SubList$1
Event: 85.354 Loading class java/util/AbstractList$SubList$1 done
Event: 85.539 Loading class java/util/concurrent/ConcurrentHashMap$TreeNode
Event: 85.541 Loading class java/util/concurrent/ConcurrentHashMap$TreeNode done
Event: 85.541 Loading class java/util/concurrent/ConcurrentHashMap$TreeBin
Event: 85.543 Loading class java/util/concurrent/ConcurrentHashMap$TreeBin done
Event: 85.569 Loading class java/nio/ShortBuffer
Event: 85.570 Loading class java/nio/ShortBuffer done
Event: 85.589 Loading class java/nio/ByteBufferAsShortBufferL
Event: 85.590 Loading class java/nio/ByteBufferAsShortBufferL done
Event: 85.609 Loading class java/util/zip/Adler32
Event: 85.610 Loading class java/util/zip/Adler32 done
Event: 85.695 Loading class java/util/zip/Deflater
Event: 85.696 Loading class java/util/zip/Deflater done
Event: 85.697 Loading class java/util/zip/Deflater$DeflaterZStreamRef
Event: 85.697 Loading class java/util/zip/Deflater$DeflaterZStreamRef done
Event: 85.708 Loading class java/util/zip/ZipOutputStream$XEntry
Event: 85.708 Loading class java/util/zip/ZipOutputStream$XEntry done
Event: 85.713 Loading class java/util/Vector$Itr
Event: 85.713 Loading class java/util/Vector$Itr done

Classes unloaded (20 events):
Event: 86.343 Thread 0x0000010f449fe9f0 Unloading class 0x0000010f482f9800 'java/lang/invoke/LambdaForm$DMH+0x0000010f482f9800'
Event: 86.343 Thread 0x0000010f449fe9f0 Unloading class 0x0000010f482f8c00 'java/lang/invoke/LambdaForm$DMH+0x0000010f482f8c00'
Event: 86.343 Thread 0x0000010f449fe9f0 Unloading class 0x0000010f48300000 'java/lang/invoke/LambdaForm$DMH+0x0000010f48300000'
Event: 86.343 Thread 0x0000010f449fe9f0 Unloading class 0x0000010f482f9000 'java/lang/invoke/LambdaForm$DMH+0x0000010f482f9000'
Event: 86.343 Thread 0x0000010f449fe9f0 Unloading class 0x0000010f482f8400 'java/lang/invoke/LambdaForm$DMH+0x0000010f482f8400'
Event: 86.343 Thread 0x0000010f449fe9f0 Unloading class 0x0000010f482c1c00 'java/lang/invoke/LambdaForm$DMH+0x0000010f482c1c00'
Event: 86.343 Thread 0x0000010f449fe9f0 Unloading class 0x0000010f482c1800 'java/lang/invoke/LambdaForm$DMH+0x0000010f482c1800'
Event: 86.343 Thread 0x0000010f449fe9f0 Unloading class 0x0000010f482c1400 'java/lang/invoke/LambdaForm$DMH+0x0000010f482c1400'
Event: 86.343 Thread 0x0000010f449fe9f0 Unloading class 0x0000010f482c0c00 'java/lang/invoke/LambdaForm$DMH+0x0000010f482c0c00'
Event: 86.343 Thread 0x0000010f449fe9f0 Unloading class 0x0000010f482c1000 'java/lang/invoke/LambdaForm$DMH+0x0000010f482c1000'
Event: 86.343 Thread 0x0000010f449fe9f0 Unloading class 0x0000010f482c0800 'java/lang/invoke/LambdaForm$DMH+0x0000010f482c0800'
Event: 86.343 Thread 0x0000010f449fe9f0 Unloading class 0x0000010f482c0000 'java/lang/invoke/LambdaForm$DMH+0x0000010f482c0000'
Event: 86.343 Thread 0x0000010f449fe9f0 Unloading class 0x0000010f48250c00 'java/lang/invoke/LambdaForm$DMH+0x0000010f48250c00'
Event: 86.343 Thread 0x0000010f449fe9f0 Unloading class 0x0000010f48250800 'java/lang/invoke/LambdaForm$DMH+0x0000010f48250800'
Event: 86.343 Thread 0x0000010f449fe9f0 Unloading class 0x0000010f48250400 'java/lang/invoke/LambdaForm$DMH+0x0000010f48250400'
Event: 86.343 Thread 0x0000010f449fe9f0 Unloading class 0x0000010f48250000 'java/lang/invoke/LambdaForm$DMH+0x0000010f48250000'
Event: 86.343 Thread 0x0000010f449fe9f0 Unloading class 0x0000010f4824d000 'java/lang/invoke/LambdaForm$DMH+0x0000010f4824d000'
Event: 86.343 Thread 0x0000010f449fe9f0 Unloading class 0x0000010f4824c400 'java/lang/invoke/LambdaForm$DMH+0x0000010f4824c400'
Event: 86.343 Thread 0x0000010f449fe9f0 Unloading class 0x0000010f4824c800 'java/lang/invoke/LambdaForm$DMH+0x0000010f4824c800'
Event: 86.343 Thread 0x0000010f449fe9f0 Unloading class 0x0000010f4824c000 'java/lang/invoke/LambdaForm$DMH+0x0000010f4824c000'

Classes redefined (0 events):
No events

Internal exceptions (20 events):
Event: 85.263 Thread 0x0000010f8e2fc590 Exception <a 'java/lang/NoSuchMethodError'{0x000000072bf07448}: 'int java.lang.invoke.DirectMethodHandle$Holder.invokeSpecial(java.lang.Object, java.lang.Object, java.lang.Object, int, java.lang.Object)'> (0x000000072bf07448) 
thrown [s\src\hotspot\share\interpreter\linkResolver.cpp, line 771]
Event: 85.263 Thread 0x0000010f8e27e4e0 Exception <a 'java/lang/NoSuchMethodError'{0x000000072b8249c0}: 'int java.lang.invoke.DirectMethodHandle$Holder.invokeSpecial(java.lang.Object, java.lang.Object, java.lang.Object, int, java.lang.Object)'> (0x000000072b8249c0) 
thrown [s\src\hotspot\share\interpreter\linkResolver.cpp, line 771]
Event: 85.263 Thread 0x0000010f8e2fe3f0 Exception <a 'java/lang/NoSuchMethodError'{0x000000072bfc5b98}: 'int java.lang.invoke.DirectMethodHandle$Holder.invokeSpecial(java.lang.Object, java.lang.Object, java.lang.Object, int, java.lang.Object)'> (0x000000072bfc5b98) 
thrown [s\src\hotspot\share\interpreter\linkResolver.cpp, line 771]
Event: 85.263 Thread 0x0000010f8d41edd0 Exception <a 'java/lang/NoSuchMethodError'{0x000000072bb9a658}: 'int java.lang.invoke.DirectMethodHandle$Holder.invokeSpecial(java.lang.Object, java.lang.Object, java.lang.Object, int, java.lang.Object)'> (0x000000072bb9a658) 
thrown [s\src\hotspot\share\interpreter\linkResolver.cpp, line 771]
Event: 85.263 Thread 0x0000010f8e2fe900 Exception <a 'java/lang/NoSuchMethodError'{0x000000072bab9838}: 'int java.lang.invoke.DirectMethodHandle$Holder.invokeSpecial(java.lang.Object, java.lang.Object, java.lang.Object, int, java.lang.Object)'> (0x000000072bab9838) 
thrown [s\src\hotspot\share\interpreter\linkResolver.cpp, line 771]
Event: 85.263 Thread 0x0000010f8e27dfd0 Exception <a 'java/lang/NoSuchMethodError'{0x000000072bf2dd18}: 'int java.lang.invoke.DirectMethodHandle$Holder.invokeSpecial(java.lang.Object, java.lang.Object, java.lang.Object, int, java.lang.Object)'> (0x000000072bf2dd18) 
thrown [s\src\hotspot\share\interpreter\linkResolver.cpp, line 771]
Event: 85.327 Thread 0x0000010f8d41edd0 Exception <a 'java/lang/IncompatibleClassChangeError'{0x000000072b170610}: Found class java.lang.Object, but interface was expected> (0x000000072b170610) 
thrown [s\src\hotspot\share\interpreter\linkResolver.cpp, line 838]
Event: 85.371 Thread 0x0000010f8e2fe900 Exception <a 'java/lang/NoSuchMethodError'{0x000000072af97a60}: 'long java.lang.invoke.DirectMethodHandle$Holder.invokeStatic(java.lang.Object, java.lang.Object)'> (0x000000072af97a60) 
thrown [s\src\hotspot\share\interpreter\linkResolver.cpp, line 771]
Event: 85.443 Thread 0x0000010f8e2fd9d0 Exception <a 'java/lang/NoSuchMethodError'{0x000000072824fe98}: 'java.lang.Object java.lang.invoke.DirectMethodHandle$Holder.newInvokeSpecial(java.lang.Object, java.lang.Object, int, java.lang.Object, java.lang.Object, java.lang.Object)'> (0x000000072824fe98) 
thrown [s\src\hotspot\share\interpreter\linkResolver.cpp, line 771]
Event: 85.443 Thread 0x0000010f8e2fd9d0 Exception <a 'java/lang/NoSuchMethodError'{0x0000000728357b80}: 'java.lang.Object java.lang.invoke.Invokers$Holder.linkToTargetMethod(java.lang.Object, int, java.lang.Object, java.lang.Object, java.lang.Object, java.lang.Object)'> (0x0000000728357b80) 
thrown [s\src\hotspot\share\interpreter\linkResolver.cpp, line 771]
Event: 85.443 Thread 0x0000010f8e2fd9d0 Exception <a 'java/lang/NoSuchMethodError'{0x000000072835b910}: 'void java.lang.invoke.DirectMethodHandle$Holder.invokeSpecial(java.lang.Object, java.lang.Object, java.lang.Object, int, java.lang.Object, java.lang.Object, java.lang.Object, java.lang.Object)'> (0x000000072835b910) 
thrown [s\src\hotspot\share\interpreter\linkResolver.cpp, line 771]
Event: 85.445 Thread 0x0000010f8e2fd9d0 Exception <a 'java/lang/NoSuchMethodError'{0x00000007283806f0}: 'void java.lang.invoke.DirectMethodHandle$Holder.invokeStatic(java.lang.Object, java.lang.Object, java.lang.Object, java.lang.Object, java.lang.Object, java.lang.Object, java.lang.Object, java.lang.Object)'> (0x00000007283806f0) 
thrown [s\src\hotspot\share\interpreter\linkResolver.cpp, line 771]
Event: 85.459 Thread 0x0000010f8e2fc590 Exception <a 'java/lang/NoSuchMethodError'{0x0000000727fd8000}: 'java.lang.Object java.lang.invoke.DirectMethodHandle$Holder.invokeInterface(java.lang.Object, java.lang.Object, int)'> (0x0000000727fd8000) 
thrown [s\src\hotspot\share\interpreter\linkResolver.cpp, line 771]
Event: 85.489 Thread 0x0000010f8e2fc590 Exception <a 'java/lang/NoSuchMethodError'{0x00000007275e9ba8}: 'int java.lang.invoke.DirectMethodHandle$Holder.invokeInterface(java.lang.Object, java.lang.Object, int)'> (0x00000007275e9ba8) 
thrown [s\src\hotspot\share\interpreter\linkResolver.cpp, line 771]
Event: 85.523 Thread 0x0000010f456deea0 Exception <a 'java/lang/NoSuchMethodError'{0x0000000725e7ae30}: 'void java.lang.invoke.DirectMethodHandle$Holder.invokeStatic(java.lang.Object, java.lang.Object, java.lang.Object, java.lang.Object, java.lang.Object, java.lang.Object, java.lang.Object)'> (0x0000000725e7ae30) 
thrown [s\src\hotspot\share\interpreter\linkResolver.cpp, line 771]
Event: 85.538 Thread 0x0000010f8e2fd9d0 Exception <a 'java/lang/IncompatibleClassChangeError'{0x00000007250a9f58}: Found class java.lang.Object, but interface was expected> (0x00000007250a9f58) 
thrown [s\src\hotspot\share\interpreter\linkResolver.cpp, line 838]
Event: 85.592 Thread 0x0000010f8e2fcfb0 Exception <a 'java/lang/NoSuchMethodError'{0x0000000722c55f48}: 'void java.lang.invoke.DirectMethodHandle$Holder.invokeSpecial(java.lang.Object, java.lang.Object, int)'> (0x0000000722c55f48) 
thrown [s\src\hotspot\share\interpreter\linkResolver.cpp, line 771]
Event: 85.592 Thread 0x0000010f8e2fd9d0 Exception <a 'java/lang/NoSuchMethodError'{0x0000000722e6bfa8}: 'void java.lang.invoke.DirectMethodHandle$Holder.invokeSpecial(java.lang.Object, java.lang.Object, int)'> (0x0000000722e6bfa8) 
thrown [s\src\hotspot\share\interpreter\linkResolver.cpp, line 771]
Event: 86.782 Thread 0x0000010f456e0d00 Implicit null exception at 0x0000010f31e2e547 to 0x0000010f31e32eec
Event: 86.789 Thread 0x0000010f456e0d00 Implicit null exception at 0x0000010f31e3921c to 0x0000010f31e3ba40

VM Operations (20 events):
Event: 86.016 Executing VM operation: ICBufferFull done
Event: 86.100 Executing VM operation: G1CollectForAllocation
Event: 86.107 Executing VM operation: G1CollectForAllocation done
Event: 86.226 Executing VM operation: HandshakeAllThreads
Event: 86.238 Executing VM operation: HandshakeAllThreads done
Event: 86.250 Executing VM operation: ICBufferFull
Event: 86.250 Executing VM operation: ICBufferFull done
Event: 86.285 Executing VM operation: ICBufferFull
Event: 86.285 Executing VM operation: ICBufferFull done
Event: 86.342 Executing VM operation: G1PauseRemark
Event: 86.353 Executing VM operation: G1PauseRemark done
Event: 86.456 Executing VM operation: G1PauseCleanup
Event: 86.457 Executing VM operation: G1PauseCleanup done
Event: 86.669 Executing VM operation: G1CollectForAllocation
Event: 86.677 Executing VM operation: G1CollectForAllocation done
Event: 86.720 Executing VM operation: G1CollectForAllocation
Event: 86.731 Executing VM operation: G1CollectForAllocation done
Event: 86.922 Executing VM operation: ICBufferFull
Event: 86.922 Executing VM operation: ICBufferFull done
Event: 87.125 Executing VM operation: G1CollectForAllocation

Memory protections (0 events):
No events

Nmethod flushes (20 events):
Event: 86.259 Thread 0x0000010f45409c10 flushing  nmethod 0x0000010f2a8daa10
Event: 86.262 Thread 0x0000010f45409c10 flushing  nmethod 0x0000010f2ab71190
Event: 86.265 Thread 0x0000010f45409c10 flushing  nmethod 0x0000010f2adaf810
Event: 86.266 Thread 0x0000010f45409c10 flushing  nmethod 0x0000010f2b033490
Event: 86.270 Thread 0x0000010f45409c10 flushing osr nmethod 0x0000010f2b3c0290
Event: 86.270 Thread 0x0000010f45409c10 flushing  nmethod 0x0000010f2b3d4b10
Event: 86.270 Thread 0x0000010f45409c10 flushing  nmethod 0x0000010f2b42ae10
Event: 86.270 Thread 0x0000010f45409c10 flushing  nmethod 0x0000010f2b43f990
Event: 86.270 Thread 0x0000010f45409c10 flushing  nmethod 0x0000010f2b44e010
Event: 86.270 Thread 0x0000010f45409c10 flushing  nmethod 0x0000010f2b461490
Event: 86.271 Thread 0x0000010f45409c10 flushing  nmethod 0x0000010f2b4fa990
Event: 86.271 Thread 0x0000010f45409c10 flushing  nmethod 0x0000010f2b524690
Event: 86.271 Thread 0x0000010f45409c10 flushing  nmethod 0x0000010f2b547f10
Event: 86.271 Thread 0x0000010f45409c10 flushing  nmethod 0x0000010f2b549510
Event: 86.271 Thread 0x0000010f45409c10 flushing  nmethod 0x0000010f2b549b10
Event: 86.271 Thread 0x0000010f45409c10 flushing  nmethod 0x0000010f2b551f10
Event: 86.271 Thread 0x0000010f45409c10 flushing  nmethod 0x0000010f2b556210
Event: 86.271 Thread 0x0000010f45409c10 flushing  nmethod 0x0000010f2b572190
Event: 86.271 Thread 0x0000010f45409c10 flushing  nmethod 0x0000010f2b5a1890
Event: 86.271 Thread 0x0000010f45409c10 flushing  nmethod 0x0000010f2b5a7410

Events (20 events):
Event: 81.351 Thread 0x0000010f449f72a0 Thread added: 0x0000010f8dfb7600
Event: 81.351 Thread 0x0000010f449f72a0 Thread added: 0x0000010f8dfb7b10
Event: 81.351 Thread 0x0000010f449f72a0 Thread added: 0x0000010f8f857240
Event: 81.351 Thread 0x0000010f449f72a0 Thread added: 0x0000010f8f8590a0
Event: 81.351 Thread 0x0000010f449f72a0 Thread added: 0x0000010f8f859fd0
Event: 81.351 Thread 0x0000010f449f72a0 Thread added: 0x0000010f8f859ac0
Event: 81.351 Thread 0x0000010f449f72a0 Thread added: 0x0000010f8f857750
Event: 82.293 Thread 0x0000010f92e615d0 Thread exited: 0x0000010f92e615d0
Event: 83.432 Thread 0x0000010f45409300 Thread added: 0x0000010f92e64af0
Event: 83.797 Thread 0x0000010f92e64af0 Thread exited: 0x0000010f92e64af0
Event: 83.996 Thread 0x0000010f449f72a0 Thread added: 0x0000010f8e2fe3f0
Event: 83.996 Thread 0x0000010f449f72a0 Thread added: 0x0000010f8e2fc590
Event: 83.997 Thread 0x0000010f449f72a0 Thread added: 0x0000010f8e2fe900
Event: 83.997 Thread 0x0000010f449f72a0 Thread added: 0x0000010f8e2fcfb0
Event: 83.997 Thread 0x0000010f449f72a0 Thread added: 0x0000010f8e2fd9d0
Event: 83.998 Thread 0x0000010f449f72a0 Thread added: 0x0000010f8e2fee10
Event: 84.001 Thread 0x0000010f449f72a0 Thread added: 0x0000010f8e2fdee0
Event: 84.001 Thread 0x0000010f45409300 Thread added: 0x0000010f92e63b00
Event: 84.002 Thread 0x0000010f449f72a0 Thread added: 0x0000010f8e27e4e0
Event: 84.002 Thread 0x0000010f449f72a0 Thread added: 0x0000010f8e27dfd0


Dynamic libraries:
0x00007ff7af540000 - 0x00007ff7af54a000 	C:\Users\karth\.jdks\jbr-17.0.14\bin\java.exe
0x00007fff30780000 - 0x00007fff309e6000 	C:\WINDOWS\SYSTEM32\ntdll.dll
0x00007fff30650000 - 0x00007fff30719000 	C:\WINDOWS\System32\KERNEL32.DLL
0x00007fff2ddc0000 - 0x00007fff2e1bf000 	C:\WINDOWS\System32\KERNELBASE.dll
0x00007fff2e350000 - 0x00007fff2e49c000 	C:\WINDOWS\System32\ucrtbase.dll
0x00007ffeac9f0000 - 0x00007ffeaca07000 	C:\Users\karth\.jdks\jbr-17.0.14\bin\jli.dll
0x00007ffeac050000 - 0x00007ffeac06b000 	C:\Users\karth\.jdks\jbr-17.0.14\bin\VCRUNTIME140.dll
0x00007fff303f0000 - 0x00007fff305b6000 	C:\WINDOWS\System32\USER32.dll
0x00007fff197d0000 - 0x00007fff19a61000 	C:\WINDOWS\WinSxS\amd64_microsoft.windows.common-controls_6595b64144ccf1df_6.0.26100.8972_none_3e0da176e32f9d4b\COMCTL32.dll
0x00007fff2d990000 - 0x00007fff2d9b7000 	C:\WINDOWS\System32\win32u.dll
0x00007fff30140000 - 0x00007fff301e9000 	C:\WINDOWS\System32\msvcrt.dll
0x00007fff303c0000 - 0x00007fff303eb000 	C:\WINDOWS\System32\GDI32.dll
0x00007fff2db00000 - 0x00007fff2dc29000 	C:\WINDOWS\System32\gdi32full.dll
0x00007fff2d9c0000 - 0x00007fff2da63000 	C:\WINDOWS\System32\msvcp_win.dll
0x00007fff301f0000 - 0x00007fff30222000 	C:\WINDOWS\System32\IMM32.DLL
0x00007ffef70e0000 - 0x00007ffef70ec000 	C:\Users\karth\.jdks\jbr-17.0.14\bin\vcruntime140_1.dll
0x00007ffe79c40000 - 0x00007ffe79ccd000 	C:\Users\karth\.jdks\jbr-17.0.14\bin\msvcp140.dll
0x00007ffe275f0000 - 0x00007ffe2827e000 	C:\Users\karth\.jdks\jbr-17.0.14\bin\server\jvm.dll
0x00007fff2e5b0000 - 0x00007fff2e66c000 	C:\WINDOWS\System32\ADVAPI32.dll
0x00007fff2e4b0000 - 0x00007fff2e55a000 	C:\WINDOWS\System32\sechost.dll
0x00007fff2ed90000 - 0x00007fff2eea8000 	C:\WINDOWS\System32\RPCRT4.dll
0x00007fff30330000 - 0x00007fff303b2000 	C:\WINDOWS\System32\WS2_32.dll
0x00007fff2c4a0000 - 0x00007fff2c4fe000 	C:\WINDOWS\SYSTEM32\POWRPROF.dll
0x00007fff25ad0000 - 0x00007fff25adb000 	C:\WINDOWS\SYSTEM32\VERSION.dll
0x00007fff25a60000 - 0x00007fff25a96000 	C:\WINDOWS\SYSTEM32\WINMM.dll
0x00007fff2c480000 - 0x00007fff2c495000 	C:\WINDOWS\SYSTEM32\UMPDC.dll
0x00007fff2c770000 - 0x00007fff2c78b000 	C:\WINDOWS\SYSTEM32\kernel.appcore.dll
0x00007ffee5320000 - 0x00007ffee532a000 	C:\Users\karth\.jdks\jbr-17.0.14\bin\jimage.dll
0x00007fff22b90000 - 0x00007fff22dd2000 	C:\WINDOWS\SYSTEM32\DBGHELP.DLL
0x00007fff2fb80000 - 0x00007fff2ff05000 	C:\WINDOWS\System32\combase.dll
0x00007fff2faa0000 - 0x00007fff2fb79000 	C:\WINDOWS\System32\OLEAUT32.dll
0x00007fff098c0000 - 0x00007fff098fb000 	C:\WINDOWS\SYSTEM32\dbgcore.DLL
0x00007fff2e1d0000 - 0x00007fff2e27c000 	C:\WINDOWS\System32\bcryptPrimitives.dll
0x00007ffed3510000 - 0x00007ffed351e000 	C:\Users\karth\.jdks\jbr-17.0.14\bin\instrument.dll
0x00007ffeabb40000 - 0x00007ffeabb65000 	C:\Users\karth\.jdks\jbr-17.0.14\bin\java.dll
0x00007ffe729e0000 - 0x00007ffe72ab7000 	C:\Users\karth\.jdks\jbr-17.0.14\bin\jsvml.dll
0x00007fff2f310000 - 0x00007fff2fa98000 	C:\WINDOWS\System32\SHELL32.dll
0x00007fff2b440000 - 0x00007fff2bcdb000 	C:\WINDOWS\SYSTEM32\windows.storage.dll
0x00007fff30230000 - 0x00007fff30329000 	C:\WINDOWS\System32\SHCORE.dll
0x00007fff2ff40000 - 0x00007fff2ffa6000 	C:\WINDOWS\System32\shlwapi.dll
0x00007fff2d8b0000 - 0x00007fff2d8d9000 	C:\WINDOWS\SYSTEM32\profapi.dll
0x00007ffeac030000 - 0x00007ffeac048000 	C:\Users\karth\.jdks\jbr-17.0.14\bin\zip.dll
0x00007ffeab3e0000 - 0x00007ffeab3f9000 	C:\Users\karth\.jdks\jbr-17.0.14\bin\net.dll
0x00007fff26a50000 - 0x00007fff26b78000 	C:\WINDOWS\SYSTEM32\WINHTTP.dll
0x00007fff2cd10000 - 0x00007fff2cd7c000 	C:\WINDOWS\system32\mswsock.dll
0x00007ffeaad50000 - 0x00007ffeaad66000 	C:\Users\karth\.jdks\jbr-17.0.14\bin\nio.dll
0x00007ffecf3d0000 - 0x00007ffecf3e0000 	C:\Users\karth\.jdks\jbr-17.0.14\bin\verify.dll
0x00007fff27af0000 - 0x00007fff27b17000 	C:\Users\karth\.gradle\native\1def1411415f61bf3af743bc5b6707747c0891f09f0c88961ee8f79bc544acac\windows-amd64\native-platform.dll
0x00007ffed4d20000 - 0x00007ffed4d98000 	C:\Users\karth\.gradle\native\0.2.7\x86_64-windows-gnu\gradle-fileevents.dll
0x00007ffecea10000 - 0x00007ffecea19000 	C:\Users\karth\.jdks\jbr-17.0.14\bin\management.dll
0x00007ffecdfd0000 - 0x00007ffecdfdb000 	C:\Users\karth\.jdks\jbr-17.0.14\bin\management_ext.dll
0x00007fff30720000 - 0x00007fff30728000 	C:\WINDOWS\System32\PSAPI.DLL
0x00007fff2c080000 - 0x00007fff2c0b3000 	C:\WINDOWS\SYSTEM32\IPHLPAPI.DLL
0x00007fff2ed80000 - 0x00007fff2ed8a000 	C:\WINDOWS\System32\NSI.dll
0x00007fff269c0000 - 0x00007fff269dd000 	C:\WINDOWS\SYSTEM32\dhcpcsvc6.DLL
0x00007fff26990000 - 0x00007fff269b5000 	C:\WINDOWS\SYSTEM32\dhcpcsvc.DLL
0x00007fff2c110000 - 0x00007fff2c268000 	C:\WINDOWS\SYSTEM32\DNSAPI.dll
0x00007fff2cab0000 - 0x00007fff2cabd000 	C:\WINDOWS\SYSTEM32\DSPARSE.dll
0x00007ffecd400000 - 0x00007ffecd409000 	C:\Users\karth\.jdks\jbr-17.0.14\bin\extnet.dll
0x00007fff2d040000 - 0x00007fff2d05b000 	C:\WINDOWS\SYSTEM32\CRYPTSP.dll
0x00007fff2c6c0000 - 0x00007fff2c6f9000 	C:\WINDOWS\system32\rsaenh.dll
0x00007fff2cde0000 - 0x00007fff2ce12000 	C:\WINDOWS\SYSTEM32\USERENV.dll
0x00007fff2d880000 - 0x00007fff2d8aa000 	C:\WINDOWS\SYSTEM32\bcrypt.dll
0x00007fff2d060000 - 0x00007fff2d06c000 	C:\WINDOWS\SYSTEM32\CRYPTBASE.dll
0x00007ffeb85b0000 - 0x00007ffeb85be000 	C:\Users\karth\.jdks\jbr-17.0.14\bin\sunmscapi.dll
0x00007fff2dc30000 - 0x00007fff2ddae000 	C:\WINDOWS\System32\CRYPT32.dll
0x00007fff2d280000 - 0x00007fff2d2b0000 	C:\WINDOWS\SYSTEM32\ncrypt.dll
0x00007fff2d230000 - 0x00007fff2d26f000 	C:\WINDOWS\SYSTEM32\NTASN1.dll
0x00007ffeff430000 - 0x00007ffeff438000 	C:\WINDOWS\system32\wshunix.dll
0x00007ffef7110000 - 0x00007ffef7117000 	C:\Users\karth\.jdks\jbr-17.0.14\bin\rmi.dll

dbghelp: loaded successfully - version: 4.0.5 - missing functions: none
symbol engine: initialized successfully - sym options: 0x614 - pdb path: .;C:\Users\karth\.jdks\jbr-17.0.14\bin;C:\WINDOWS\SYSTEM32;C:\WINDOWS\WinSxS\amd64_microsoft.windows.common-controls_6595b64144ccf1df_6.0.26100.8972_none_3e0da176e32f9d4b;C:\Users\karth\.jdks\jbr-17.0.14\bin\server;C:\Users\karth\.gradle\native\1def1411415f61bf3af743bc5b6707747c0891f09f0c88961ee8f79bc544acac\windows-amd64;C:\Users\karth\.gradle\native\0.2.7\x86_64-windows-gnu

VM Arguments:
jvm_args: --add-opens=java.base/java.lang=ALL-UNNAMED --add-opens=java.base/java.lang.invoke=ALL-UNNAMED --add-opens=java.base/java.util=ALL-UNNAMED --add-opens=java.prefs/java.util.prefs=ALL-UNNAMED --add-exports=jdk.compiler/com.sun.tools.javac.api=ALL-UNNAMED --add-exports=jdk.compiler/com.sun.tools.javac.util=ALL-UNNAMED --add-opens=java.base/java.util=ALL-UNNAMED --add-opens=java.prefs/java.util.prefs=ALL-UNNAMED --add-opens=java.base/java.nio.charset=ALL-UNNAMED --add-opens=java.base/java.net=ALL-UNNAMED --add-opens=java.base/java.util.concurrent.atomic=ALL-UNNAMED --add-opens=java.xml/javax.xml.namespace=ALL-UNNAMED -Xmx4096m -Dfile.encoding=UTF-8 -Duser.country=IN -Duser.language=en -Duser.variant -javaagent:C:\Users\karth\.gradle\wrapper\dists\gradle-8.13-bin\5xuhj0ry160q40clulazy9h7d\gradle-8.13\lib\agents\gradle-instrumentation-agent-8.13.jar 
java_command: org.gradle.launcher.daemon.bootstrap.GradleDaemon 8.13
java_class_path (initial): C:\Users\karth\.gradle\wrapper\dists\gradle-8.13-bin\5xuhj0ry160q40clulazy9h7d\gradle-8.13\lib\gradle-daemon-main-8.13.jar
Launcher Type: SUN_STANDARD

[Global flags]
     intx CICompilerCount                          = 4                                         {product} {ergonomic}
     uint ConcGCThreads                            = 3                                         {product} {ergonomic}
     uint G1ConcRefinementThreads                  = 10                                        {product} {ergonomic}
   size_t G1HeapRegionSize                         = 2097152                                   {product} {ergonomic}
    uintx GCDrainStackTargetSize                   = 64                                        {product} {ergonomic}
   size_t InitialHeapSize                          = 257949696                                 {product} {ergonomic}
   size_t MarkStackSize                            = 4194304                                   {product} {ergonomic}
   size_t MaxHeapSize                              = 4294967296                                {product} {command line}
   size_t MaxNewSize                               = 2575302656                                {product} {ergonomic}
   size_t MinHeapDeltaBytes                        = 2097152                                   {product} {ergonomic}
   size_t MinHeapSize                              = 8388608                                   {product} {ergonomic}
    uintx NonNMethodCodeHeapSize                   = 5839372                                {pd product} {ergonomic}
    uintx NonProfiledCodeHeapSize                  = 122909434                              {pd product} {ergonomic}
    uintx ProfiledCodeHeapSize                     = 122909434                              {pd product} {ergonomic}
    uintx ReservedCodeCacheSize                    = 251658240                              {pd product} {ergonomic}
     bool SegmentedCodeCache                       = true                                      {product} {ergonomic}
   size_t SoftMaxHeapSize                          = 4294967296                             {manageable} {ergonomic}
     bool UseCompressedClassPointers               = true                           {product lp64_product} {ergonomic}
     bool UseCompressedOops                        = true                           {product lp64_product} {ergonomic}
     bool UseG1GC                                  = true                                      {product} {ergonomic}
     bool UseLargePagesIndividualAllocation        = false                                  {pd product} {ergonomic}

Logging:
Log output configuration:
 #0: stdout all=warning uptime,level,tags
 #1: stderr all=off uptime,level,tags

Environment Variables:
CLASSPATH=E:\Revamp\lauditorv3_revamp\\gradle\wrapper\gradle-wrapper.jar
PATH=C:/Users/karth/.gemini/antigravity/bin;C:\Users\karth\AppData\Roaming\Antigravity\bin;C:\ProgramData\Oracle\Java\javapath;C:\Users\karth\AppData\Local\Programs\Python\Python312\Scripts\;C:\Users\karth\AppData\Local\Programs\Python\Python312\;C:\WINDOWS\system32;C:\WINDOWS;C:\WINDOWS\System32\Wbem;C:\WINDOWS\System32\WindowsPowerShell\v1.0\;C:\WINDOWS\System32\OpenSSH\;C:\Program Files\Git\cmd;C:\Program Files\dotnet\;C:\Program Files (x86)\NVIDIA Corporation\PhysX\Common;C:\ProgramData\chocolatey\bin;C:\Program Files\NVIDIA Corporation\NVIDIA app\NvDLISR;C:\Program Files\Java\jdk1.8.0_101\bin;C:\Program Files\MySQL\MySQL Server 5.1\bin;C:\Program Files\nodejs\;C:\Program Files\MySQL\MySQL Shell 8.0\bin\;C:\Users\karth\AppData\Local\Microsoft\WindowsApps;F:\Microsoft VS Code\bin;C:\Users\karth\AppData\Local\GitHubDesktop\bin;E:\PyCharm 2024.3.1\bin;;C:\Users\karth\AppData\Roaming\npm;C:\Users\karth\AppData\Local\Kingsoft\WPS Office\12.1.0.27458\clitool;C:\Users\karth\AppData\AndroidCLI
USERNAME=karth
OS=Windows_NT
PROCESSOR_IDENTIFIER=AMD64 Family 25 Model 80 Stepping 0, AuthenticAMD
TMP=C:\Users\karth\AppData\Local\Temp
TEMP=C:\Users\karth\AppData\Local\Temp



Periodic native trim disabled

JNI global refs:
JNI global refs: 29, weak refs: 122

JNI global refs memory usage: 843, weak refs: 2105

Process memory usage:
Resident Set Size: 1228664K (7% of 16101436K total physical memory with 338688K free physical memory)

OOME stack traces (most recent first):
Classloader memory used:
Loader org.gradle.internal.classloader.VisitableURLClassLoader$InstrumentingVisitableURLClassLoader: 7039K
Loader org.gradle.internal.classloader.VisitableURLClassLoader                         : 5543K
Loader bootstrap                                                                       : 2220K
Loader org.gradle.initialization.MixInLegacyTypesClassLoader                           : 1488K
Loader jdk.internal.loader.ClassLoaders$AppClassLoader                                 : 928K
Loader jdk.internal.reflect.DelegatingClassLoader                                      : 107K
Loader jdk.internal.loader.ClassLoaders$PlatformClassLoader                            : 104K
Loader org.gradle.groovy.scripts.internal.DefaultScriptCompilationHandler$ScriptClassLoader: 34862B
Loader org.gradle.internal.classloader.VisitableURLClassLoader                         : 4795B
Loader org.codehaus.groovy.runtime.callsite.CallSiteClassLoader                        : 1950B

Classes loaded by more than one classloader:
Class org.gradle.internal.installation.GradleInstallation                             : loaded 2 times (x 73B)
Class [Lcom.google.common.collect.MapMakerInternalMap$Segment;                        : loaded 2 times (x 67B)
Class com.google.common.collect.Iterators$MergingIterator                             : loaded 2 times (x 79B)
Class com.google.common.io.Closer$SuppressingSuppressor                               : loaded 2 times (x 73B)
Class org.objectweb.asm.ModuleVisitor                                                 : loaded 2 times (x 79B)
Class com.google.common.io.ByteSource                                                 : loaded 2 times (x 82B)
Class [Lcom.google.common.collect.AbstractMapEntry;                                   : loaded 2 times (x 67B)
Class com.google.common.io.AppendableWriter                                           : loaded 2 times (x 98B)
Class com.google.common.collect.ImmutableRangeSet$AsSet                               : loaded 2 times (x 233B)
Class com.google.common.collect.SingletonImmutableList                                : loaded 2 times (x 167B)
Class com.google.common.cache.CacheLoader$SupplierToCacheLoader                       : loaded 2 times (x 73B)
Class org.gradle.internal.classpath.ClassPath                                         : loaded 2 times (x 68B)
Class com.google.common.io.FileWriteMode                                              : loaded 2 times (x 77B)
Class com.google.common.cache.RemovalListener                                         : loaded 2 times (x 68B)
Class org.gradle.api.internal.classpath.DefaultModuleRegistry                         : loaded 2 times (x 84B)
Class com.google.common.collect.FluentIterable$1                                      : loaded 2 times (x 79B)
Class com.google.common.collect.FluentIterable$2                                      : loaded 2 times (x 79B)
Class com.google.common.collect.FluentIterable$3                                      : loaded 2 times (x 79B)
Class com.google.common.collect.ImmutableEnumSet                                      : loaded 2 times (x 144B)
Class [Lcom.google.common.collect.MapMaker$Dummy;                                     : loaded 2 times (x 67B)
Class com.google.common.collect.ListMultimap                                          : loaded 2 times (x 68B)
Class com.google.common.base.CharMatcher$JavaDigit                                    : loaded 2 times (x 109B)
Class com.google.common.base.CharMatcher$Digit                                        : loaded 2 times (x 110B)
Class com.google.common.collect.AbstractMultimap                                      : loaded 2 times (x 121B)
Class com.google.common.cache.CacheBuilder$OneWeigher                                 : loaded 2 times (x 80B)
Class org.gradle.api.Action                                                           : loaded 2 times (x 68B)
Class com.google.common.io.ByteArrayDataOutput                                        : loaded 2 times (x 68B)
Class com.google.common.collect.ImmutableEntry                                        : loaded 2 times (x 80B)
Class com.google.common.collect.Lists$StringAsImmutableList                           : loaded 2 times (x 167B)
Class com.google.common.cache.LocalCache$StrongEntry                                  : loaded 2 times (x 106B)
Class com.google.common.collect.MapMakerInternalMap$InternalEntryHelper               : loaded 2 times (x 68B)
Class org.objectweb.asm.FieldWriter                                                   : loaded 2 times (x 76B)
Class com.google.common.base.CharMatcher                                              : loaded 2 times (x 109B)
Class com.google.common.base.CharMatcher$IsNot                                        : loaded 2 times (x 109B)
Class com.google.common.collect.RegularImmutableSortedSet                             : loaded 2 times (x 233B)
Class com.google.common.collect.Maps$IteratorBasedAbstractMap                         : loaded 2 times (x 123B)
Class com.google.common.base.Splitter                                                 : loaded 2 times (x 70B)
Class settings_f2qdeygpddu188ogjvmmkhfog                                              : loaded 2 times (x 177B)
Class [Lcom.google.common.cache.Weigher;                                              : loaded 2 times (x 67B)
Class com.google.common.collect.Iterators$ArrayItr                                    : loaded 2 times (x 95B)
Class com.google.common.collect.MapMakerInternalMap$Strength                          : loaded 2 times (x 78B)
Class com.google.common.cache.LocalCache$Segment                                      : loaded 2 times (x 152B)
Class org.gradle.api.internal.DefaultClassPathProvider                                : loaded 2 times (x 74B)
Class org.gradle.internal.installation.GradleInstallation$1                           : loaded 2 times (x 73B)
Class com.google.common.cache.LocalCache$AbstractReferenceEntry                       : loaded 2 times (x 105B)
Class org.objectweb.asm.Type                                                          : loaded 2 times (x 70B)
Class com.google.common.util.concurrent.AbstractFuture$Failure                        : loaded 2 times (x 70B)
Class com.google.common.base.CharMatcher$BitSetMatcher                                : loaded 2 times (x 110B)
Class com.google.common.collect.ImmutableMap$IteratorBasedImmutableMap                : loaded 2 times (x 123B)
Class com.google.common.io.Files$FileByteSource                                       : loaded 2 times (x 83B)
Class com.google.common.collect.ImmutableMap                                          : loaded 2 times (x 118B)
Class com.google.common.base.Converter                                                : loaded 2 times (x 88B)
Class com.google.common.collect.ImmutableSortedSetFauxverideShim                      : loaded 2 times (x 145B)
Class com.google.common.collect.ImmutableSet$EmptySetBuilderImpl                      : loaded 2 times (x 74B)
Class com.google.common.base.Equivalence                                              : loaded 2 times (x 80B)
Class com.google.common.primitives.Ints                                               : loaded 2 times (x 69B)
Class com.google.common.cache.LocalCache$EntryFactory$1                               : loaded 2 times (x 81B)
Class com.google.common.cache.LocalCache$EntryFactory$2                               : loaded 2 times (x 81B)
Class com.google.common.collect.ImmutableSet$SerializedForm                           : loaded 2 times (x 71B)
Class com.google.common.cache.LocalCache$EntryFactory$3                               : loaded 2 times (x 81B)
Class com.google.common.cache.LocalCache$EntryFactory$4                               : loaded 2 times (x 81B)
Class com.google.common.cache.LocalCache$EntryFactory$5                               : loaded 2 times (x 81B)
Class com.google.common.cache.LocalCache$EntryFactory$6                               : loaded 2 times (x 81B)
Class com.google.common.cache.LocalCache$EntryFactory$7                               : loaded 2 times (x 81B)
Class com.google.common.cache.LocalCache$EntryFactory$8                               : loaded 2 times (x 81B)
Class com.google.common.base.Predicate                                                : loaded 2 times (x 68B)
Class com.google.common.cache.LocalCache$StrongValueReference                         : loaded 2 times (x 88B)
Class build_cncmml9xjld62zgqe8h6ijrta$_run_closure1                                   : loaded 2 times (x 138B)
Class org.gradle.internal.classloader.FilteringClassLoader                            : loaded 2 times (x 103B)
Class com.google.common.collect.AbstractMapBasedMultimap$WrappedCollection            : loaded 2 times (x 122B)
Class com.google.common.collect.RegularImmutableSet                                   : loaded 2 times (x 146B)
Class [Lcom.google.common.cache.LocalCache$Strength;                                  : loaded 2 times (x 67B)
Class org.gradle.internal.classpath.DefaultClassPath$ImmutableUniqueList$Builder      : loaded 2 times (x 73B)
Class com.google.common.collect.AbstractRangeSet                                      : loaded 2 times (x 112B)
Class com.google.common.collect.Maps$8                                                : loaded 2 times (x 80B)
Class [Lcom.google.common.cache.CacheBuilder$NullListener;                            : loaded 2 times (x 67B)
Class com.google.common.base.PatternCompiler                                          : loaded 2 times (x 68B)
Class com.google.common.io.CharStreams$NullWriter                                     : loaded 2 times (x 97B)
Class com.google.common.base.CharMatcher$InRange                                      : loaded 2 times (x 109B)
Class com.google.common.collect.Maps$KeySet                                           : loaded 2 times (x 135B)
Class com.google.common.collect.ImmutableMultimap$EntryCollection                     : loaded 2 times (x 125B)
Class com.google.common.collect.Sets$SetView                                          : loaded 2 times (x 136B)
Class com.google.common.collect.BiMap                                                 : loaded 2 times (x 68B)
Class com.google.common.collect.Lists                                                 : loaded 2 times (x 69B)
Class org.objectweb.asm.AnnotationWriter                                              : loaded 2 times (x 77B)
Class com.google.common.math.IntMath$1                                                : loaded 2 times (x 69B)
Class org.gradle.internal.classloader.ClassLoaderVisitor                              : loaded 2 times (x 74B)
Class [Lcom.google.common.collect.HashBiMap$BiEntry;                                  : loaded 2 times (x 67B)
Class org.objectweb.asm.Label                                                         : loaded 2 times (x 71B)
Class com.google.common.cache.CacheBuilder$NullListener                               : loaded 2 times (x 80B)
Class com.google.common.collect.ImmutableMultimap                                     : loaded 2 times (x 145B)
Class com.google.common.math.MathPreconditions                                        : loaded 2 times (x 69B)
Class com.google.common.io.ByteStreams$1                                              : loaded 2 times (x 83B)
Class org.gradle.internal.service.DefaultServiceLocator                               : loaded 2 times (x 81B)
Class org.gradle.internal.service.UnknownServiceException                             : loaded 2 times (x 81B)
Class com.google.common.util.concurrent.AbstractFuture$SynchronizedHelper             : loaded 2 times (x 76B)
Class com.google.common.collect.ArrayListMultimap                                     : loaded 2 times (x 170B)
Class com.google.common.base.Strings                                                  : loaded 2 times (x 69B)
Class com.google.common.io.Closer                                                     : loaded 2 times (x 76B)
Class com.google.common.cache.CacheLoader$InvalidCacheLoadException                   : loaded 2 times (x 80B)
Class org.gradle.internal.classloader.DefaultClassLoaderFactory                       : loaded 2 times (x 80B)
Class com.google.common.collect.UnmodifiableIterator                                  : loaded 2 times (x 78B)
Class com.google.common.base.Stopwatch                                                : loaded 2 times (x 70B)
Class com.google.common.base.Platform$JdkPatternCompiler                              : loaded 2 times (x 73B)
Class com.google.common.collect.Interners$InternerImpl                                : loaded 2 times (x 73B)
Class com.google.common.collect.Table                                                 : loaded 2 times (x 68B)
Class com.google.common.cache.LocalCache$LoadingValueReference                        : loaded 2 times (x 94B)
Class com.google.common.base.CharMatcher$SingleWidth                                  : loaded 2 times (x 110B)
Class com.google.common.collect.Hashing                                               : loaded 2 times (x 69B)
Class com.google.common.io.ByteStreams$LimitedInputStream                             : loaded 2 times (x 90B)
Class com.google.common.collect.MapMakerInternalMap$AbstractStrongKeyEntry            : loaded 2 times (x 78B)
Class com.google.common.collect.ImmutableRangeSet$ComplementRanges                    : loaded 2 times (x 167B)
Class com.google.common.base.JdkPattern                                               : loaded 2 times (x 73B)
Class com.google.common.base.Optional                                                 : loaded 2 times (x 78B)
Class com.google.common.collect.Multimap                                              : loaded 2 times (x 68B)
Class com.google.common.base.FunctionalEquivalence                                    : loaded 2 times (x 81B)
Class org.objectweb.asm.AnnotationVisitor                                             : loaded 2 times (x 76B)
Class org.objectweb.asm.RecordComponentWriter                                         : loaded 2 times (x 76B)
Class com.google.common.cache.LocalCache$1                                            : loaded 2 times (x 87B)
Class com.google.common.cache.LocalCache$2                                            : loaded 2 times (x 140B)
Class com.google.common.collect.RegularImmutableBiMap                                 : loaded 2 times (x 146B)
Class build_cncmml9xjld62zgqe8h6ijrta                                                 : loaded 2 times (x 178B)
Class org.gradle.internal.classloader.VisitableURLClassLoader$Spec                    : loaded 2 times (x 72B)
Class org.gradle.api.GradleException                                                  : loaded 2 times (x 80B)
Class com.google.common.base.CharMatcher$JavaLetterOrDigit                            : loaded 2 times (x 109B)
Class org.gradle.api.internal.classpath.ModuleRegistry                                : loaded 2 times (x 68B)
Class com.google.common.cache.CacheBuilder                                            : loaded 2 times (x 70B)
Class org.objectweb.asm.ByteVector                                                    : loaded 2 times (x 77B)
Class com.google.common.collect.ImmutableCollection                                   : loaded 2 times (x 123B)
Class com.google.common.collect.ImmutableRangeSet                                     : loaded 2 times (x 113B)
Class com.google.common.base.PairwiseEquivalence                                      : loaded 2 times (x 81B)
Class com.google.common.base.Ticker                                                   : loaded 2 times (x 70B)
Class org.gradle.api.internal.ClassPathProvider                                       : loaded 2 times (x 68B)
Class com.google.common.base.Ascii                                                    : loaded 2 times (x 69B)
Class com.google.common.collect.RegularImmutableMap$Values                            : loaded 2 times (x 167B)
Class org.objectweb.asm.ModuleWriter                                                  : loaded 2 times (x 80B)
Class org.gradle.internal.classloader.ClasspathUtil$1                                 : loaded 2 times (x 74B)
Class com.google.common.collect.ImmutableEnumMap                                      : loaded 2 times (x 123B)
Class com.google.common.collect.ImmutableList$ReverseImmutableList                    : loaded 2 times (x 168B)
Class com.google.common.cache.AbstractCache$StatsCounter                              : loaded 2 times (x 68B)
Class org.objectweb.asm.FieldVisitor                                                  : loaded 2 times (x 75B)
Class org.objectweb.asm.Symbol                                                        : loaded 2 times (x 71B)
Class com.google.common.cache.LocalCache$Strength$1                                   : loaded 2 times (x 79B)
Class com.google.common.collect.EmptyImmutableListMultimap                            : loaded 2 times (x 174B)
Class com.google.common.cache.LocalCache$Strength$2                                   : loaded 2 times (x 79B)
Class com.google.common.cache.LocalCache$Strength$3                                   : loaded 2 times (x 79B)
Class org.gradle.internal.classloader.ClassLoaderFactory                              : loaded 2 times (x 68B)
Class com.google.common.collect.ObjectArrays                                          : loaded 2 times (x 69B)
Class com.google.common.base.Absent                                                   : loaded 2 times (x 78B)
Class com.google.common.util.concurrent.AbstractFuture$Waiter                         : loaded 2 times (x 70B)
Class com.google.common.util.concurrent.Uninterruptibles                              : loaded 2 times (x 69B)
Class com.google.common.collect.Iterators$10                                          : loaded 2 times (x 79B)
Class com.google.common.collect.Iterators$EmptyModifiableIterator                     : loaded 2 times (x 84B)
Class com.google.common.collect.ImmutableList                                         : loaded 2 times (x 166B)
Class org.gradle.api.internal.classpath.ManifestUtil                                  : loaded 2 times (x 69B)
Class org.gradle.api.specs.Spec                                                       : loaded 2 times (x 68B)
Class com.google.common.collect.RangeSet                                              : loaded 2 times (x 68B)
Class com.google.common.cache.CacheLoader$UnsupportedLoadingOperationException        : loaded 2 times (x 80B)
Class com.google.common.base.CharMatcher$Whitespace                                   : loaded 2 times (x 110B)
Class com.google.common.util.concurrent.ListenableFuture                              : loaded 2 times (x 68B)
Class com.google.common.collect.MapMaker$Dummy                                        : loaded 2 times (x 77B)
Class settings_f2qdeygpddu188ogjvmmkhfog$_run_closure1                                : loaded 2 times (x 137B)
Class com.google.common.collect.Iterators$1                                           : loaded 2 times (x 79B)
Class com.google.common.collect.BaseImmutableMultimap                                 : loaded 2 times (x 121B)
Class com.google.common.collect.Iterators$4                                           : loaded 2 times (x 80B)
Class com.google.common.collect.RegularImmutableMap$BucketOverflowException           : loaded 2 times (x 80B)
Class com.google.common.collect.Iterators$5                                           : loaded 2 times (x 80B)
Class com.google.common.util.concurrent.AbstractFuture$UnsafeAtomicHelper             : loaded 2 times (x 76B)
Class com.google.common.base.Joiner                                                   : loaded 2 times (x 77B)
Class com.google.common.base.Equivalence$Equals                                       : loaded 2 times (x 80B)
Class com.google.common.base.Preconditions                                            : loaded 2 times (x 69B)
Class com.google.common.base.Function                                                 : loaded 2 times (x 68B)
Class com.google.common.collect.Iterators$9                                           : loaded 2 times (x 79B)
Class org.gradle.internal.IoActions                                                   : loaded 2 times (x 69B)
Class com.google.common.collect.MapMakerInternalMap$StrongKeyDummyValueEntry$Helper   : loaded 2 times (x 77B)
Class com.google.common.cache.ReferenceEntry                                          : loaded 2 times (x 68B)
Class com.google.common.collect.RegularImmutableMap$KeySet                            : loaded 2 times (x 148B)
Class com.google.common.collect.CollectPreconditions                                  : loaded 2 times (x 69B)
Class com.google.common.primitives.IntsMethodsForWeb                                  : loaded 2 times (x 69B)
Class com.google.common.collect.RangeGwtSerializationDependencies                     : loaded 2 times (x 69B)
Class com.google.common.collect.Maps                                                  : loaded 2 times (x 69B)
Class com.google.common.collect.RegularImmutableMap                                   : loaded 2 times (x 119B)
Class com.google.common.collect.AbstractIndexedListIterator                           : loaded 2 times (x 94B)
Class com.google.common.collect.ImmutableMultimap$Builder                             : loaded 2 times (x 81B)
Class com.google.common.base.CharMatcher$None                                         : loaded 2 times (x 110B)
Class org.gradle.api.internal.classpath.EffectiveClassPath                            : loaded 2 times (x 88B)
Class com.google.common.collect.UnmodifiableListIterator                              : loaded 2 times (x 93B)
Class com.google.common.io.Files                                                      : loaded 2 times (x 69B)
Class com.google.common.cache.CacheLoader$FunctionToCacheLoader                       : loaded 2 times (x 73B)
Class com.google.common.cache.CacheBuilder$1                                          : loaded 2 times (x 83B)
Class com.google.common.cache.CacheBuilder$2                                          : loaded 2 times (x 70B)
Class com.google.common.collect.ImmutableList$1                                       : loaded 2 times (x 95B)
Class com.google.common.base.Splitter$Strategy                                        : loaded 2 times (x 68B)
Class com.google.common.io.CharStreams                                                : loaded 2 times (x 69B)
Class com.google.common.collect.ImmutableMapEntrySet$RegularEntrySet                  : loaded 2 times (x 149B)
Class [Lcom.google.common.cache.RemovalListener;                                      : loaded 2 times (x 67B)
Class [Lcom.google.common.collect.ImmutableMapEntry;                                  : loaded 2 times (x 67B)
Class com.google.common.collect.Interners                                             : loaded 2 times (x 69B)
Class com.google.common.collect.MapMakerInternalMap$Strength$1                        : loaded 2 times (x 78B)
Class org.gradle.internal.installation.CurrentGradleInstallation                      : loaded 2 times (x 71B)
Class com.google.common.collect.MapMakerInternalMap$Strength$2                        : loaded 2 times (x 78B)
Class org.gradle.internal.installation.CurrentGradleInstallationLocator               : loaded 2 times (x 69B)
Class [Lcom.google.common.cache.LocalCache$Segment;                                   : loaded 2 times (x 67B)
Class org.gradle.api.internal.classpath.Module                                        : loaded 2 times (x 68B)
Class com.google.common.collect.ImmutableSortedSet                                    : loaded 2 times (x 233B)
Class com.google.common.base.Splitter$1$1                                             : loaded 2 times (x 84B)
Class com.google.common.collect.MapMakerInternalMap$Segment                           : loaded 2 times (x 140B)
Class com.google.common.collect.ImmutableSet$JdkBackedSetBuilderImpl                  : loaded 2 times (x 74B)
Class com.google.common.collect.ImmutableSet$RegularSetBuilderImpl                    : loaded 2 times (x 75B)
Class [Lorg.objectweb.asm.AnnotationWriter;                                           : loaded 2 times (x 67B)
Class org.gradle.internal.service.CachingServiceLocator                               : loaded 2 times (x 80B)
Class [Lcom.google.common.collect.ImmutableEntry;                                     : loaded 2 times (x 67B)
Class com.google.common.collect.Sets$ImprovedAbstractSet                              : loaded 2 times (x 133B)
Class com.google.common.collect.AbstractMapBasedMultimap$AsMap                        : loaded 2 times (x 126B)
Class org.gradle.internal.classpath.DefaultClassPath                                  : loaded 2 times (x 88B)
Class com.google.common.collect.MapMakerInternalMap$1                                 : loaded 2 times (x 81B)
Class com.google.common.util.concurrent.AbstractFuture$SetFuture                      : loaded 2 times (x 73B)
Class com.google.common.collect.CollectCollectors                                     : loaded 2 times (x 69B)
Class com.google.common.base.Splitter$SplittingIterator                               : loaded 2 times (x 82B)
Class com.google.common.collect.ImmutableMultisetGwtSerializationDependencies         : loaded 2 times (x 123B)
Class com.google.common.collect.ImmutableListMultimap                                 : loaded 2 times (x 174B)
Class com.google.common.cache.LocalCache$LocalManualCache$1                           : loaded 2 times (x 73B)
Class com.google.common.collect.Lists$RandomAccessReverseList                         : loaded 2 times (x 160B)
Class [Lcom.google.common.collect.AbstractIterator$State;                             : loaded 2 times (x 67B)
Class org.objectweb.asm.SymbolTable$Entry                                             : loaded 2 times (x 72B)
Class [Lcom.google.common.cache.LocalCache$EntryFactory;                              : loaded 2 times (x 67B)
Class com.google.common.base.CharMatcher$Is                                           : loaded 2 times (x 109B)
Class com.google.common.base.Platform                                                 : loaded 2 times (x 69B)
Class com.google.common.collect.RegularImmutableAsList                                : loaded 2 times (x 176B)
Class com.google.common.base.Suppliers$NonSerializableMemoizingSupplier               : loaded 2 times (x 77B)
Class com.google.common.collect.PeekingIterator                                       : loaded 2 times (x 68B)
Class com.google.common.collect.ImmutableMapEntrySet                                  : loaded 2 times (x 149B)
Class com.google.common.cache.CacheLoader                                             : loaded 2 times (x 72B)
Class com.google.common.collect.ImmutableBiMapFauxverideShim                          : loaded 2 times (x 118B)
Class org.objectweb.asm.MethodTooLargeException                                       : loaded 2 times (x 81B)
Class com.google.common.collect.HashBiMap$Inverse                                     : loaded 2 times (x 140B)
Class com.google.common.cache.Cache                                                   : loaded 2 times (x 68B)
Class com.google.common.collect.Maps$EntrySet                                         : loaded 2 times (x 134B)
Class org.gradle.internal.classloader.SystemClassLoaderSpec                           : loaded 2 times (x 69B)
Class com.google.common.io.LineBuffer                                                 : loaded 2 times (x 73B)
Class com.google.common.util.concurrent.internal.InternalFutureFailureAccess          : loaded 2 times (x 70B)
Class com.google.common.base.Charsets                                                 : loaded 2 times (x 69B)
Class com.google.common.primitives.Ints$IntConverter                                  : loaded 2 times (x 88B)
Class com.google.common.collect.SingletonImmutableSet                                 : loaded 2 times (x 144B)
Class com.google.common.collect.Interners$InternerBuilder                             : loaded 2 times (x 74B)
Class [Lcom.google.common.base.AbstractIterator$State;                                : loaded 2 times (x 67B)
Class com.google.common.collect.ImmutableMap$Builder                                  : loaded 2 times (x 80B)
Class com.google.common.io.LineReader$1                                               : loaded 2 times (x 73B)
Class com.google.common.base.AbstractIterator                                         : loaded 2 times (x 78B)
Class org.objectweb.asm.ClassWriter                                                   : loaded 2 times (x 104B)
Class com.google.common.collect.Range                                                 : loaded 2 times (x 85B)
Class com.google.common.base.AbstractIterator$1                                       : loaded 2 times (x 69B)
Class [Lcom.google.common.cache.CacheBuilder$OneWeigher;                              : loaded 2 times (x 67B)
Class com.google.common.collect.Iterators                                             : loaded 2 times (x 69B)
Class com.google.common.base.CharMatcher$1                                            : loaded 2 times (x 111B)
Class com.google.common.base.CharMatcher$Ascii                                        : loaded 2 times (x 110B)
Class com.google.common.cache.LocalCache$ComputingValueReference                      : loaded 2 times (x 94B)
Class com.google.common.collect.ImmutableList$SerializedForm                          : loaded 2 times (x 71B)
Class org.gradle.api.UncheckedIOException                                             : loaded 2 times (x 80B)
Class com.google.common.base.CharMatcher$And                                          : loaded 2 times (x 110B)
Class [Lcom.google.common.io.FileWriteMode;                                           : loaded 2 times (x 67B)
Class com.google.common.io.Files$FileByteSink                                         : loaded 2 times (x 75B)
Class com.google.common.collect.IndexedImmutableSet                                   : loaded 2 times (x 148B)
Class com.google.common.base.ExtraObjectsMethodsForWeb                                : loaded 2 times (x 69B)
Class com.google.common.collect.IndexedImmutableSet$1                                 : loaded 2 times (x 172B)
Class com.google.common.collect.AbstractListMultimap                                  : loaded 2 times (x 170B)
Class com.google.common.base.CharMatcher$Any                                          : loaded 2 times (x 110B)
Class com.google.common.cache.LocalCache$Strength                                     : loaded 2 times (x 79B)
Class com.google.common.collect.AbstractMapBasedMultimap$KeySet                       : loaded 2 times (x 135B)
Class com.google.common.collect.SortedIterable                                        : loaded 2 times (x 68B)
Class com.google.common.collect.ArrayListMultimapGwtSerializationDependencies         : loaded 2 times (x 170B)
Class com.google.common.base.CharMatcher$RangesMatcher                                : loaded 2 times (x 110B)
Class com.google.common.collect.AbstractMapBasedMultimap$RandomAccessWrappedList      : loaded 2 times (x 165B)
Class org.objectweb.asm.Handler                                                       : loaded 2 times (x 70B)
Class org.gradle.api.internal.classpath.GlobalCacheRootsProvider                      : loaded 2 times (x 68B)
Class com.google.common.collect.ImmutableList$SubList                                 : loaded 2 times (x 168B)
Class com.google.common.cache.LocalCache$ValueReference                               : loaded 2 times (x 68B)
Class com.google.common.collect.CollectSpliterators                                   : loaded 2 times (x 69B)
Class com.google.common.io.Java8Compatibility                                         : loaded 2 times (x 69B)
Class org.gradle.internal.classloader.ClasspathUtil                                   : loaded 2 times (x 69B)
Class org.objectweb.asm.CurrentFrame                                                  : loaded 2 times (x 71B)
Class com.google.common.util.concurrent.AbstractFuture                                : loaded 2 times (x 93B)
Class com.google.common.base.Splitter$1                                               : loaded 2 times (x 75B)
Class com.google.common.base.Ticker$1                                                 : loaded 2 times (x 70B)
Class com.google.common.collect.Maps$BiMapConverter                                   : loaded 2 times (x 88B)
Class org.gradle.api.internal.DefaultClassPathRegistry                                : loaded 2 times (x 74B)
Class com.google.common.collect.AbstractIterator$State                                : loaded 2 times (x 77B)
Class [Lorg.objectweb.asm.Symbol;                                                     : loaded 2 times (x 67B)
Class com.google.common.util.concurrent.AbstractFuture$Cancellation                   : loaded 2 times (x 70B)
Class com.google.common.collect.Interner                                              : loaded 2 times (x 68B)
Class com.google.common.collect.ImmutableSet$SetBuilderImpl                           : loaded 2 times (x 74B)
Class org.gradle.api.internal.classpath.DefaultModuleRegistry$DefaultModule           : loaded 2 times (x 84B)
Class com.google.common.io.LineReader                                                 : loaded 2 times (x 70B)
Class com.google.common.base.CharMatcher$JavaIsoControl                               : loaded 2 times (x 110B)
Class com.google.common.collect.ImmutableMap$1                                        : loaded 2 times (x 79B)
Class com.google.common.base.CharMatcher$Or                                           : loaded 2 times (x 110B)
Class com.google.common.base.Suppliers$SupplierOfInstance                             : loaded 2 times (x 77B)
Class org.objectweb.asm.RecordComponentVisitor                                        : loaded 2 times (x 75B)
Class com.google.common.collect.Iterables                                             : loaded 2 times (x 69B)
Class com.google.common.base.CharMatcher$JavaLowerCase                                : loaded 2 times (x 109B)
Class org.objectweb.asm.ClassTooLargeException                                        : loaded 2 times (x 81B)
Class org.gradle.api.internal.classpath.UnknownModuleException                        : loaded 2 times (x 80B)
Class com.google.common.collect.FluentIterable                                        : loaded 2 times (x 79B)
Class com.google.common.util.concurrent.AbstractFuture$Listener                       : loaded 2 times (x 70B)
Class com.google.common.collect.CollectSpliterators$1                                 : loaded 2 times (x 88B)
Class com.google.common.collect.MapMakerInternalMap$StrongKeyDummyValueEntry$LinkedStrongKeyDummyValueEntry: loaded 2 times (x 80B)
Class com.google.common.collect.Iterables$4                                           : loaded 2 times (x 79B)
Class org.objectweb.asm.Edge                                                          : loaded 2 times (x 70B)
Class com.google.common.collect.Maps$EntryTransformer                                 : loaded 2 times (x 68B)
Class com.google.common.collect.ImmutableCollection$Builder                           : loaded 2 times (x 74B)
Class com.google.common.io.ByteArrayDataInput                                         : loaded 2 times (x 68B)
Class [Lorg.objectweb.asm.SymbolTable$Entry;                                          : loaded 2 times (x 67B)
Class com.google.common.collect.SingletonImmutableBiMap                               : loaded 2 times (x 141B)
Class settings_f2qdeygpddu188ogjvmmkhfog$_run_closure1$_closure2                      : loaded 2 times (x 137B)
Class com.google.common.base.CommonPattern                                            : loaded 2 times (x 72B)
Class com.google.common.base.Suppliers$MemoizingSupplier                              : loaded 2 times (x 77B)
Class com.google.common.base.Suppliers                                                : loaded 2 times (x 69B)
Class [Lcom.google.common.collect.Iterators$EmptyModifiableIterator;                  : loaded 2 times (x 67B)
Class org.objectweb.asm.ClassVisitor                                                  : loaded 2 times (x 86B)
Class com.google.common.collect.MapMakerInternalMap$StrongKeyDummyValueEntry          : loaded 2 times (x 80B)
Class com.google.common.cache.LoadingCache                                            : loaded 2 times (x 68B)
Class org.gradle.internal.service.ServiceLookupException                              : loaded 2 times (x 80B)
Class com.google.common.collect.MapMakerInternalMap$StrongKeyDummyValueSegment        : loaded 2 times (x 140B)
Class com.google.common.base.Present                                                  : loaded 2 times (x 79B)
Class com.google.common.base.CharMatcher$NegatedFastMatcher                           : loaded 2 times (x 111B)
Class [Lorg.gradle.api.internal.ClassPathProvider;                                    : loaded 2 times (x 67B)
Class com.google.common.util.concurrent.AbstractFuture$SafeAtomicHelper               : loaded 2 times (x 77B)
Class com.google.common.collect.ImmutableMultimap$Values                              : loaded 2 times (x 124B)
Class org.gradle.util.internal.GUtil                                                  : loaded 2 times (x 69B)
Class com.google.common.math.IntMath                                                  : loaded 2 times (x 69B)
Class com.google.common.collect.AbstractIterator                                      : loaded 2 times (x 80B)
Class org.gradle.internal.classloader.ClassLoaderSpec                                 : loaded 2 times (x 69B)
Class com.google.common.io.LineProcessor                                              : loaded 2 times (x 68B)
Class com.google.common.base.NullnessCasts                                            : loaded 2 times (x 69B)
Class com.google.common.io.CharSink                                                   : loaded 2 times (x 77B)
Class org.objectweb.asm.Frame                                                         : loaded 2 times (x 71B)
Class com.google.common.cache.LocalCache$LocalManualCache                             : loaded 2 times (x 97B)
Class com.google.common.collect.AbstractMapEntry                                      : loaded 2 times (x 79B)
Class com.google.common.collect.ImmutableList$Builder                                 : loaded 2 times (x 75B)
Class com.google.common.base.CharMatcher$Negated                                      : loaded 2 times (x 111B)
Class com.google.common.cache.CacheLoader$1                                           : loaded 2 times (x 73B)
Class [Lcom.google.common.collect.MapMakerInternalMap$Strength;                       : loaded 2 times (x 67B)
Class com.google.common.util.concurrent.AbstractFuture$TrustedFuture                  : loaded 2 times (x 95B)
Class org.gradle.internal.classloader.InstrumentingClassLoader                        : loaded 2 times (x 68B)
Class com.google.common.collect.MapMakerInternalMap$InternalEntry                     : loaded 2 times (x 68B)
Class com.google.common.collect.Maps$ViewCachingAbstractMap                           : loaded 2 times (x 123B)
Class com.google.common.collect.Sets                                                  : loaded 2 times (x 69B)
Class com.google.common.collect.ImmutableSet$Builder                                  : loaded 2 times (x 83B)
Class com.google.common.collect.MapMakerInternalMap                                   : loaded 2 times (x 159B)
Class com.google.common.base.CharMatcher$ForPredicate                                 : loaded 2 times (x 110B)
Class com.google.common.collect.ImmutableMap$MapViewOfValuesAsSingletonSets           : loaded 2 times (x 123B)
Class com.google.common.collect.ImmutableMapKeySet                                    : loaded 2 times (x 148B)
Class com.google.common.base.MoreObjects                                              : loaded 2 times (x 69B)
Class com.google.common.collect.SortedMapDifference                                   : loaded 2 times (x 68B)
Class org.objectweb.asm.SymbolTable                                                   : loaded 2 times (x 70B)
Class [Lorg.objectweb.asm.AnnotationVisitor;                                          : loaded 2 times (x 67B)
Class com.google.common.cache.CacheStats                                              : loaded 2 times (x 69B)
Class org.objectweb.asm.Attribute                                                     : loaded 2 times (x 75B)
Class org.gradle.internal.classloader.VisitableURLClassLoader                         : loaded 2 times (x 115B)
Class com.google.common.cache.LocalCache$LocalLoadingCache                            : loaded 2 times (x 132B)
Class com.google.common.base.Supplier                                                 : loaded 2 times (x 68B)
Class com.google.common.collect.HashBiMap$BiEntry                                     : loaded 2 times (x 81B)
Class com.google.common.collect.ImmutableMultimap$Keys                                : loaded 2 times (x 164B)
Class com.google.common.base.Objects                                                  : loaded 2 times (x 69B)
Class com.google.common.util.concurrent.AbstractFuture$AtomicHelper                   : loaded 2 times (x 76B)
Class com.google.common.collect.ImmutableBiMap                                        : loaded 2 times (x 141B)
Class org.gradle.internal.Cast                                                        : loaded 2 times (x 69B)
Class com.google.common.hash.PrimitiveSink                                            : loaded 2 times (x 68B)
Class com.google.common.collect.NullnessCasts                                         : loaded 2 times (x 69B)
Class org.gradle.api.internal.ClassPathRegistry                                       : loaded 2 times (x 68B)
Class com.google.common.cache.LocalCache$EntryFactory                                 : loaded 2 times (x 81B)
Class com.google.common.util.concurrent.UncheckedExecutionException                   : loaded 2 times (x 80B)
Class com.google.common.collect.ImmutableSet                                          : loaded 2 times (x 143B)
Class org.gradle.internal.classloader.VisitableURLClassLoader$InstrumentingVisitableURLClassLoader: loaded 2 times (x 121B)
Class org.gradle.internal.classloader.ClassLoaderHierarchy                            : loaded 2 times (x 68B)
Class com.google.common.collect.Lists$ReverseList                                     : loaded 2 times (x 160B)
Class com.google.common.io.Closer$Suppressor                                          : loaded 2 times (x 68B)
Class com.google.common.collect.AbstractMapBasedMultimap$WrappedList                  : loaded 2 times (x 165B)
Class [Lorg.objectweb.asm.Type;                                                       : loaded 2 times (x 67B)
Class com.google.common.collect.MapMakerInternalMap$WeakValueReference                : loaded 2 times (x 68B)
Class com.google.common.collect.Lists$ReverseList$1                                   : loaded 2 times (x 97B)
Class com.google.common.base.AbstractIterator$State                                   : loaded 2 times (x 77B)
Class com.google.common.cache.Weigher                                                 : loaded 2 times (x 68B)
Class com.google.common.collect.MapMakerInternalMap$StrongValueEntry                  : loaded 2 times (x 68B)
Class com.google.common.base.CharMatcher$NamedFastMatcher                             : loaded 2 times (x 110B)
Class org.gradle.internal.InternalTransformer                                         : loaded 2 times (x 68B)
Class com.google.common.collect.AbstractMapBasedMultimap$AsMap$AsMapEntries           : loaded 2 times (x 136B)
Class org.gradle.internal.service.ServiceLocator                                      : loaded 2 times (x 68B)
Class com.google.common.collect.ImmutableRangeSet$1                                   : loaded 2 times (x 169B)
Class com.google.common.util.concurrent.SettableFuture                                : loaded 2 times (x 95B)
Class com.google.common.io.Files$2                                                    : loaded 2 times (x 74B)
Class com.google.common.collect.ImmutableMapEntry                                     : loaded 2 times (x 83B)
Class com.google.common.io.ByteStreams                                                : loaded 2 times (x 69B)
Class com.google.common.base.CharMatcher$Invisible                                    : loaded 2 times (x 110B)
Class com.google.common.base.Joiner$1                                                 : loaded 2 times (x 78B)
Class com.google.common.collect.MapMaker                                              : loaded 2 times (x 70B)
Class com.google.common.base.Joiner$2                                                 : loaded 2 times (x 77B)
Class com.google.common.collect.HashBiMap                                             : loaded 2 times (x 141B)
Class com.google.common.collect.ImmutableMultiset                                     : loaded 2 times (x 161B)
Class com.google.common.base.CharMatcher$FastMatcher                                  : loaded 2 times (x 109B)
Class org.gradle.internal.classpath.DefaultClassPath$ImmutableUniqueList              : loaded 2 times (x 159B)
Class com.google.common.base.CharMatcher$JavaLetter                                   : loaded 2 times (x 109B)
Class com.google.common.collect.ImmutableMultimap$1                                   : loaded 2 times (x 80B)
Class com.google.common.collect.ImmutableMultimap$2                                   : loaded 2 times (x 79B)
Class org.gradle.internal.classpath.TransformedClassPath                              : loaded 2 times (x 94B)
Class com.google.common.collect.MapDifference                                         : loaded 2 times (x 68B)
Class com.google.common.collect.Sets$1                                                : loaded 2 times (x 137B)
Class com.google.common.collect.Sets$2                                                : loaded 2 times (x 137B)
Class com.google.common.util.concurrent.AbstractFuture$Trusted                        : loaded 2 times (x 68B)
Class com.google.common.collect.Sets$3                                                : loaded 2 times (x 137B)
Class com.google.common.graph.SuccessorsFunction                                      : loaded 2 times (x 68B)
Class com.google.common.collect.Sets$4                                                : loaded 2 times (x 137B)
Class com.google.common.io.ByteSink                                                   : loaded 2 times (x 74B)
Class org.objectweb.asm.MethodWriter                                                  : loaded 2 times (x 104B)
Class com.google.common.collect.Platform                                              : loaded 2 times (x 69B)
Class com.google.common.collect.ImmutableAsList                                       : loaded 2 times (x 169B)
Class com.google.common.util.concurrent.ExecutionError                                : loaded 2 times (x 80B)
Class com.google.common.io.ByteSink$AsCharSink                                        : loaded 2 times (x 78B)
Class com.google.common.base.Equivalence$Identity                                     : loaded 2 times (x 80B)
Class com.google.common.base.CharMatcher$AnyOf                                        : loaded 2 times (x 110B)
Class com.google.common.base.CharMatcher$IsEither                                     : loaded 2 times (x 109B)
Class com.google.common.collect.AbstractIterator$1                                    : loaded 2 times (x 69B)
Class com.google.common.cache.LocalCache                                              : loaded 2 times (x 185B)
Class com.google.common.collect.ImmutableRangeSet$Builder                             : loaded 2 times (x 75B)
Class com.google.common.collect.RegularImmutableList                                  : loaded 2 times (x 172B)
Class com.google.common.util.concurrent.AbstractFuture$UnsafeAtomicHelper$1           : loaded 2 times (x 74B)
Class com.google.common.base.CharMatcher$JavaUpperCase                                : loaded 2 times (x 109B)
Class com.google.common.collect.Multiset                                              : loaded 2 times (x 68B)
Class com.google.common.collect.ImmutableSet$CachingAsList                            : loaded 2 times (x 145B)
Class org.objectweb.asm.MethodVisitor                                                 : loaded 2 times (x 103B)
Class com.google.common.collect.AbstractMapBasedMultimap$KeySet$1                     : loaded 2 times (x 80B)
Class com.google.common.collect.ImmutableMapEntry$NonTerminalImmutableMapEntry        : loaded 2 times (x 83B)
Class com.google.common.collect.AbstractMapBasedMultimap                              : loaded 2 times (x 137B)


---------------  S Y S T E M  ---------------

OS:
 Windows 11 , 64 bit Build 26100 (10.0.26100.9168)
OS uptime: 0 days 14:28 hours
Hyper-V role detected

CPU: total 12 (initial active 12) (12 cores per cpu, 2 threads per core) family 25 model 80 stepping 0 microcode 0xa50000d, cx8, cmov, fxsr, ht, mmx, 3dnowpref, sse, sse2, sse3, ssse3, sse4a, sse4.1, sse4.2, popcnt, lzcnt, tsc, tscinvbit, avx, avx2, aes, erms, clmul, bmi1, bmi2, adx, sha, fma, vzeroupper, clflush, clflushopt, hv
Processor Information for all 12 processors :
  Max Mhz: 3301, Current Mhz: 3301, Mhz Limit: 3301

Memory: 4k page, system-wide physical 15724M (330M free)
TotalPageFile size 27229M (AvailPageFile size 1166M)
current process WorkingSet (physical memory assigned to process): 1207M, peak: 1207M
current process commit charge ("private bytes"): 1430M, peak: 2607M

vm_info: OpenJDK 64-Bit Server VM (17.0.14+1-b1367.22) for windows-amd64 JRE (17.0.14+1-b1367.22), built on 2025-01-30 by "builduser" with MS VC++ 16.10 / 16.11 (VS2019)

END.
