#
# There is insufficient memory for the Java Runtime Environment to continue.
# Native memory allocation (mmap) failed to map 169869312 bytes. Error detail: G1 virtual space
# Possible reasons:
#   The system is out of physical RAM or swap space
#   This process is running with CompressedOops enabled, and the Java Heap may be blocking the growth of the native heap
# Possible solutions:
#   Reduce memory load on the system
#   Increase physical memory or swap space
#   Check if swap backing store is full
#   Decrease Java heap size (-Xmx/-Xms)
#   Decrease number of Java threads
#   Decrease Java thread stack sizes (-Xss)
#   Set larger code cache with -XX:ReservedCodeCacheSize=
#   JVM is running with Zero Based Compressed Oops mode in which the Java heap is
#     placed in the first 32GB address space. The Java Heap base address is the
#     maximum limit for the native heap growth. Please use -XX:HeapBaseMinAddress
#     to set the Java Heap base and to place the Java Heap above 32GB virtual address.
# This output file may be truncated or incomplete.
#
#  Out of Memory Error (os_windows.cpp:3830), pid=620, tid=6508
#
# JRE version: OpenJDK Runtime Environment JBR-17.0.14+1-1367.22-nomod (17.0.14+1) (build 17.0.14+1-b1367.22)
# Java VM: OpenJDK 64-Bit Server VM JBR-17.0.14+1-1367.22-nomod (17.0.14+1-b1367.22, mixed mode, sharing, tiered, compressed oops, compressed class ptrs, g1 gc, windows-amd64)
# No core dump will be written. Minidumps are not enabled by default on client versions of Windows
#

---------------  S U M M A R Y ------------

Command Line: --add-opens=java.base/java.lang=ALL-UNNAMED --add-opens=java.base/java.lang.invoke=ALL-UNNAMED --add-opens=java.base/java.util=ALL-UNNAMED --add-opens=java.prefs/java.util.prefs=ALL-UNNAMED --add-exports=jdk.compiler/com.sun.tools.javac.api=ALL-UNNAMED --add-exports=jdk.compiler/com.sun.tools.javac.util=ALL-UNNAMED --add-opens=java.base/java.util=ALL-UNNAMED --add-opens=java.prefs/java.util.prefs=ALL-UNNAMED --add-opens=java.base/java.nio.charset=ALL-UNNAMED --add-opens=java.base/java.net=ALL-UNNAMED --add-opens=java.base/java.util.concurrent.atomic=ALL-UNNAMED --add-opens=java.xml/javax.xml.namespace=ALL-UNNAMED -Xmx4096m -Dfile.encoding=UTF-8 -Duser.country=IN -Duser.language=en -Duser.variant -javaagent:C:\Users\karth\.gradle\wrapper\dists\gradle-8.13-bin\5xuhj0ry160q40clulazy9h7d\gradle-8.13\lib\agents\gradle-instrumentation-agent-8.13.jar org.gradle.launcher.daemon.bootstrap.GradleDaemon 8.13

Host: AMD Ryzen 5 5600H with Radeon Graphics         , 12 cores, 15G,  Windows 11 , 64 bit Build 26100 (10.0.26100.8875)
Time: Tue Jul 21 14:29:29 2026 India Standard Time elapsed time: 39.054927 seconds (0d 0h 0m 39s)

---------------  T H R E A D  ---------------

Current thread (0x000001fdc00b7620):  VMThread "VM Thread" [stack: 0x000000a3ba500000,0x000000a3ba600000] [id=6508]

Stack: [0x000000a3ba500000,0x000000a3ba600000]
Native frames: (J=compiled Java code, j=interpreted, Vv=VM code, C=native code)
V  [jvm.dll+0x68b969]  os::platform_print_native_stack+0xd9  (os_windows_x86.cpp:235)
V  [jvm.dll+0x84572a]  VMError::report+0xc6a  (vmError.cpp:868)
V  [jvm.dll+0x8473ae]  VMError::report_and_die+0x78e  (vmError.cpp:1766)
V  [jvm.dll+0x847a13]  VMError::report_and_die+0x43  (vmError.cpp:1552)
V  [jvm.dll+0x24a83f]  report_vm_out_of_memory+0x8f  (debug.cpp:321)
V  [jvm.dll+0x688629]  os::pd_commit_memory_or_exit+0xc9  (os_windows.cpp:3838)
V  [jvm.dll+0x67cf3a]  os::commit_memory_or_exit+0x2a  (os.cpp:1768)
V  [jvm.dll+0x30b83b]  G1PageBasedVirtualSpace::commit+0x19b  (g1PageBasedVirtualSpace.cpp:204)
V  [jvm.dll+0x312d26]  G1RegionsLargerThanCommitSizeMapper::commit_regions+0x96  (g1RegionToSpaceMapper.cpp:100)
V  [jvm.dll+0x3630fe]  HeapRegionManager::expand_any+0xee  (heapRegionManager.cpp:363)
V  [jvm.dll+0x36333f]  HeapRegionManager::expand_by+0x7f  (heapRegionManager.cpp:380)
V  [jvm.dll+0x2e18cc]  G1CollectedHeap::expand+0xbc  (g1CollectedHeap.cpp:1292)
V  [jvm.dll+0x2dfc8f]  G1CollectedHeap::do_collection_pause_at_safepoint_helper+0x8bf  (g1CollectedHeap.cpp:3094)
V  [jvm.dll+0x2df3bc]  G1CollectedHeap::do_collection_pause_at_safepoint+0x5c  (g1CollectedHeap.cpp:2898)
V  [jvm.dll+0x323a7b]  VM_G1CollectForAllocation::doit+0x6b  (g1VMOperations.cpp:147)
V  [jvm.dll+0x84c11d]  VM_Operation::evaluate+0xfd  (vmOperations.cpp:73)
V  [jvm.dll+0x84ce62]  VMThread::evaluate_operation+0xd2  (vmThread.cpp:269)
V  [jvm.dll+0x84d38f]  VMThread::inner_execute+0x1af  (vmThread.cpp:417)
V  [jvm.dll+0x84d774]  VMThread::loop+0x254  (vmThread.cpp:481)
V  [jvm.dll+0x84d840]  VMThread::run+0x70  (vmThread.cpp:167)
V  [jvm.dll+0x7f3a1c]  Thread::call_run+0x8c  (thread.cpp:405)
V  [jvm.dll+0x68a7c7]  thread_native_entry+0x77  (os_windows.cpp:551)
C  [ucrtbase.dll+0x2cd30]
C  [KERNEL32.DLL+0x2e957]
C  [ntdll.dll+0xaad6c]

VM_Operation (0x000000a3c67fb730): G1CollectForAllocation, mode: safepoint, requested by thread 0x000001fe0b4a4f20


---------------  P R O C E S S  ---------------

Threads class SMR info:
_java_thread_list=0x000001fe09457880, length=179, elements={
0x000001fda136c430, 0x000001fdc00bf1a0, 0x000001fdc00c0be0, 0x000001fdc00dad60,
0x000001fdc00db630, 0x000001fdc00dca70, 0x000001fdc00e22d0, 0x000001fdc00e45b0,
0x000001fdc00ecf80, 0x000001fdc00f1900, 0x000001fdc067f640, 0x000001fdc073acd0,
0x000001fe0725d8b0, 0x000001fe07d3c510, 0x000001fe071cc710, 0x000001fe0721e2f0,
0x000001fe07a477e0, 0x000001fe0823eaa0, 0x000001fe0823f9d0, 0x000001fe0823efb0,
0x000001fe0823f4c0, 0x000001fe0823fee0, 0x000001fe082403f0, 0x000001fe08240900,
0x000001fe08240e10, 0x000001fe08241830, 0x000001fe0823e080, 0x000001fe0823e590,
0x000001fe08728790, 0x000001fe087296c0, 0x000001fe08727860, 0x000001fe08729bd0,
0x000001fe0872b520, 0x000001fe0872b010, 0x000001fe08727d70, 0x000001fe0872a5f0,
0x000001fe08728280, 0x000001fe0872d380, 0x000001fe0872e7c0, 0x000001fe0872c450,
0x000001fe0872d890, 0x000001fe0872c960, 0x000001fe0872dda0, 0x000001fe0872e2b0,
0x000001fe0872ecd0, 0x000001fe0872f1e0, 0x000001fe08348360, 0x000001fe0834b0f0,
0x000001fe0834a6d0, 0x000001fe08349290, 0x000001fe08347e50, 0x000001fe0834abe0,
0x000001fe0834b600, 0x000001fe0834bb10, 0x000001fe0834c020, 0x000001fe08348870,
0x000001fe0834c530, 0x000001fe083497a0, 0x000001fe08348d80, 0x000001fe08349cb0,
0x000001fe0834d460, 0x000001fe0834d970, 0x000001fe0834a1c0, 0x000001fe0834de80,
0x000001fe0834e390, 0x000001fe0834f2c0, 0x000001fe0834e8a0, 0x000001fe0834edb0,
0x000001fe0834f7d0, 0x000001fe0b0b35c0, 0x000001fe0b0b5420, 0x000001fe0b0b3fe0,
0x000001fe0b0b5930, 0x000001fe0b0b4f10, 0x000001fe06132ec0, 0x000001fe06131060,
0x000001fe06137090, 0x000001fe06134d20, 0x000001fe06137ab0, 0x000001fe06135c50,
0x000001fe061375a0, 0x000001fe06135230, 0x000001fe06136160, 0x000001fe06135740,
0x000001fe06134300, 0x000001fe06136b80, 0x000001fe06137fc0, 0x000001fe06136670,
0x000001fe061384d0, 0x000001fe061389e0, 0x000001fe06134810, 0x000001fe0bf120b0,
0x000001fe0bf15d70, 0x000001fe0bf125c0, 0x000001fe0bf14930, 0x000001fe0bf12ad0,
0x000001fe0bf15860, 0x000001fe0bf13a00, 0x000001fe0bf13f10, 0x000001fe0bf134f0,
0x000001fe0bf14420, 0x000001fe0bf14e40, 0x000001fe0bf16280, 0x000001fe0bf16790,
0x000001fe0bf15350, 0x000001fe0bf12fe0, 0x000001fe0bf19a30, 0x000001fe0bf16ca0,
0x000001fe0bf185f0, 0x000001fe0bf171b0, 0x000001fe0bf18b00, 0x000001fe0bf176c0,
0x000001fe0bf19010, 0x000001fe0bf17bd0, 0x000001fe0bf180e0, 0x000001fe060cfde0,
0x000001fe060cf8d0, 0x000001fe060d02f0, 0x000001fe060ceeb0, 0x000001fe060d0800,
0x000001fe060cd050, 0x000001fe060cf3c0, 0x000001fe060d0d10, 0x000001fe060cd560,
0x000001fe060ce490, 0x000001fe060d1220, 0x000001fe060cda70, 0x000001fe060ce9a0,
0x000001fe060d1730, 0x000001fe060cdf80, 0x000001fe060d44c0, 0x000001fe060d1c40,
0x000001fe060d49d0, 0x000001fe060d3590, 0x000001fe060d2150, 0x000001fe060d3080,
0x000001fe060d2660, 0x000001fe060d2b70, 0x000001fe060d3fb0, 0x000001fe060d3aa0,
0x000001fe0c430980, 0x000001fe0c4327e0, 0x000001fe0c432cf0, 0x000001fe0c433200,
0x000001fe0c42ff60, 0x000001fe0c4318b0, 0x000001fe0c430e90, 0x000001fe0c4322d0,
0x000001fe0c4313a0, 0x000001fe0c433710, 0x000001fe0c433c20, 0x000001fe0c430470,
0x000001fe0c434130, 0x000001fe0c434b50, 0x000001fe0c434640, 0x000001fe0c435060,
0x000001fe0c435570, 0x000001fe0c431dc0, 0x000001fe0c435a80, 0x000001fe0c436ec0,
0x000001fe0c4373d0, 0x000001fe0c4378e0, 0x000001fe0c4364a0, 0x000001fe0834ca40,
0x000001fe0834cf50, 0x000001fe0872a0e0, 0x000001fe0b4a1770, 0x000001fe0b4a0d50,
0x000001fe0b4a2190, 0x000001fe0b4a1c80, 0x000001fe0b4a35d0, 0x000001fe0b4a3ae0,
0x000001fe0b4a26a0, 0x000001fe0b4a2bb0, 0x000001fe0b4a30c0, 0x000001fe0b4a0330,
0x000001fe0b4a0840, 0x000001fe0b4a3ff0, 0x000001fe0b4a4f20
}

Java Threads: ( => current thread )
  0x000001fda136c430 JavaThread "main" [_thread_blocked, id=17528, stack(0x000000a3b9f00000,0x000000a3ba000000)]
  0x000001fdc00bf1a0 JavaThread "Reference Handler" daemon [_thread_blocked, id=18480, stack(0x000000a3ba600000,0x000000a3ba700000)]
  0x000001fdc00c0be0 JavaThread "Finalizer" daemon [_thread_blocked, id=24488, stack(0x000000a3ba700000,0x000000a3ba800000)]
  0x000001fdc00dad60 JavaThread "Signal Dispatcher" daemon [_thread_blocked, id=26272, stack(0x000000a3ba800000,0x000000a3ba900000)]
  0x000001fdc00db630 JavaThread "Attach Listener" daemon [_thread_blocked, id=10840, stack(0x000000a3ba900000,0x000000a3baa00000)]
  0x000001fdc00dca70 JavaThread "Service Thread" daemon [_thread_blocked, id=26228, stack(0x000000a3baa00000,0x000000a3bab00000)]
  0x000001fdc00e22d0 JavaThread "Monitor Deflation Thread" daemon [_thread_blocked, id=22796, stack(0x000000a3bab00000,0x000000a3bac00000)]
  0x000001fdc00e45b0 JavaThread "C2 CompilerThread0" daemon [_thread_blocked, id=26448, stack(0x000000a3bac00000,0x000000a3bad00000)]
  0x000001fdc00ecf80 JavaThread "C1 CompilerThread0" daemon [_thread_blocked, id=4608, stack(0x000000a3bad00000,0x000000a3bae00000)]
  0x000001fdc00f1900 JavaThread "Sweeper thread" daemon [_thread_blocked, id=21800, stack(0x000000a3bae00000,0x000000a3baf00000)]
  0x000001fdc067f640 JavaThread "Common-Cleaner" daemon [_thread_blocked, id=10256, stack(0x000000a3baf00000,0x000000a3bb000000)]
  0x000001fdc073acd0 JavaThread "Notification Thread" daemon [_thread_blocked, id=19388, stack(0x000000a3bb000000,0x000000a3bb100000)]
  0x000001fe0725d8b0 JavaThread "Daemon health stats" [_thread_blocked, id=2364, stack(0x000000a3bb900000,0x000000a3bba00000)]
  0x000001fe07d3c510 JavaThread "Incoming local TCP Connector on port 53723" [_thread_in_native, id=26192, stack(0x000000a3bba00000,0x000000a3bbb00000)]
  0x000001fe071cc710 JavaThread "Daemon periodic checks" [_thread_blocked, id=14672, stack(0x000000a3bbb00000,0x000000a3bbc00000)]
  0x000001fe0721e2f0 JavaThread "Daemon" [_thread_blocked, id=11376, stack(0x000000a3bbc00000,0x000000a3bbd00000)]
  0x000001fe07a477e0 JavaThread "Handler for socket connection from /127.0.0.1:53723 to /127.0.0.1:53724" [_thread_in_native, id=8828, stack(0x000000a3bbd00000,0x000000a3bbe00000)]
  0x000001fe0823eaa0 JavaThread "Cancel handler" [_thread_blocked, id=12272, stack(0x000000a3bbe00000,0x000000a3bbf00000)]
  0x000001fe0823f9d0 JavaThread "Daemon worker" [_thread_blocked, id=19536, stack(0x000000a3bbf00000,0x000000a3bc000000)]
  0x000001fe0823efb0 JavaThread "Asynchronous log dispatcher for DefaultDaemonConnection: socket connection from /127.0.0.1:53723 to /127.0.0.1:53724" [_thread_blocked, id=25596, stack(0x000000a3bc000000,0x000000a3bc100000)]
  0x000001fe0823f4c0 JavaThread "Stdin handler" [_thread_blocked, id=19752, stack(0x000000a3bc100000,0x000000a3bc200000)]
  0x000001fe0823fee0 JavaThread "Daemon client event forwarder" [_thread_blocked, id=22040, stack(0x000000a3bc200000,0x000000a3bc300000)]
  0x000001fe082403f0 JavaThread "Cache worker for journal cache (C:\Users\karth\.gradle\caches\journal-1)" [_thread_blocked, id=22188, stack(0x000000a3bc300000,0x000000a3bc400000)]
  0x000001fe08240900 JavaThread "File lock request listener" [_thread_in_native, id=25496, stack(0x000000a3bc400000,0x000000a3bc500000)]
  0x000001fe08240e10 JavaThread "Cache worker for file hash cache (C:\Users\karth\.gradle\caches\8.13\fileHashes)" [_thread_blocked, id=15020, stack(0x000000a3bc500000,0x000000a3bc600000)]
  0x000001fe08241830 JavaThread "Cache worker for file hash cache (E:\Revamp\lauditorv3_revamp\.gradle\8.13\fileHashes)" [_thread_blocked, id=4532, stack(0x000000a3bc600000,0x000000a3bc700000)]
  0x000001fe0823e080 JavaThread "Cache worker for Build Output Cleanup Cache (E:\Revamp\lauditorv3_revamp\.gradle\buildOutputCleanup)" [_thread_blocked, id=5156, stack(0x000000a3bc700000,0x000000a3bc800000)]
  0x000001fe0823e590 JavaThread "File watcher server" daemon [_thread_blocked, id=25316, stack(0x000000a3bcd00000,0x000000a3bce00000)]
  0x000001fe08728790 JavaThread "File watcher consumer" daemon [_thread_blocked, id=20040, stack(0x000000a3bce00000,0x000000a3bcf00000)]
  0x000001fe087296c0 JavaThread "jar transforms" [_thread_blocked, id=18448, stack(0x000000a3bd200000,0x000000a3bd300000)]
  0x000001fe08727860 JavaThread "Cache worker for checksums cache (E:\Revamp\lauditorv3_revamp\.gradle\8.13\checksums)" [_thread_blocked, id=9252, stack(0x000000a3bd300000,0x000000a3bd400000)]
  0x000001fe08729bd0 JavaThread "Cache worker for file content cache (C:\Users\karth\.gradle\caches\8.13\fileContent)" [_thread_blocked, id=22176, stack(0x000000a3bd400000,0x000000a3bd500000)]
  0x000001fe0872b520 JavaThread "Cache worker for cache directory md-supplier (C:\Users\karth\.gradle\caches\8.13\md-supplier)" [_thread_blocked, id=22216, stack(0x000000a3bd500000,0x000000a3bd600000)]
  0x000001fe0872b010 JavaThread "Cache worker for cache directory md-rule (C:\Users\karth\.gradle\caches\8.13\md-rule)" [_thread_blocked, id=14164, stack(0x000000a3bd600000,0x000000a3bd700000)]
  0x000001fe08727d70 JavaThread "jar transforms Thread 2" [_thread_blocked, id=4064, stack(0x000000a3bd700000,0x000000a3bd800000)]
  0x000001fe0872a5f0 JavaThread "Problems report writer" [_thread_blocked, id=16768, stack(0x000000a3bd800000,0x000000a3bd900000)]
  0x000001fe08728280 JavaThread "jar transforms Thread 3" [_thread_blocked, id=16696, stack(0x000000a3bd900000,0x000000a3bda00000)]
  0x000001fe0872d380 JavaThread "Unconstrained build operations" [_thread_blocked, id=15456, stack(0x000000a3bcf00000,0x000000a3bd000000)]
  0x000001fe0872e7c0 JavaThread "Unconstrained build operations Thread 2" [_thread_blocked, id=19484, stack(0x000000a3bda00000,0x000000a3bdb00000)]
  0x000001fe0872c450 JavaThread "Unconstrained build operations Thread 3" [_thread_blocked, id=11196, stack(0x000000a3bdb00000,0x000000a3bdc00000)]
  0x000001fe0872d890 JavaThread "Unconstrained build operations Thread 4" [_thread_blocked, id=17236, stack(0x000000a3bdc00000,0x000000a3bdd00000)]
  0x000001fe0872c960 JavaThread "Unconstrained build operations Thread 5" [_thread_blocked, id=24000, stack(0x000000a3bdd00000,0x000000a3bde00000)]
  0x000001fe0872dda0 JavaThread "Unconstrained build operations Thread 6" [_thread_blocked, id=14928, stack(0x000000a3bde00000,0x000000a3bdf00000)]
  0x000001fe0872e2b0 JavaThread "Unconstrained build operations Thread 7" [_thread_blocked, id=22584, stack(0x000000a3bdf00000,0x000000a3be000000)]
  0x000001fe0872ecd0 JavaThread "Unconstrained build operations Thread 8" [_thread_blocked, id=26008, stack(0x000000a3be000000,0x000000a3be100000)]
  0x000001fe0872f1e0 JavaThread "Unconstrained build operations Thread 9" [_thread_blocked, id=20912, stack(0x000000a3be100000,0x000000a3be200000)]
  0x000001fe08348360 JavaThread "Unconstrained build operations Thread 10" [_thread_blocked, id=24464, stack(0x000000a3be200000,0x000000a3be300000)]
  0x000001fe0834b0f0 JavaThread "Unconstrained build operations Thread 11" [_thread_blocked, id=15732, stack(0x000000a3be300000,0x000000a3be400000)]
  0x000001fe0834a6d0 JavaThread "Unconstrained build operations Thread 12" [_thread_blocked, id=2212, stack(0x000000a3bb200000,0x000000a3bb300000)]
  0x000001fe08349290 JavaThread "Unconstrained build operations Thread 13" [_thread_blocked, id=23148, stack(0x000000a3be400000,0x000000a3be500000)]
  0x000001fe08347e50 JavaThread "Unconstrained build operations Thread 14" [_thread_blocked, id=20740, stack(0x000000a3be500000,0x000000a3be600000)]
  0x000001fe0834abe0 JavaThread "Unconstrained build operations Thread 15" [_thread_blocked, id=22060, stack(0x000000a3be600000,0x000000a3be700000)]
  0x000001fe0834b600 JavaThread "Unconstrained build operations Thread 16" [_thread_blocked, id=15768, stack(0x000000a3be700000,0x000000a3be800000)]
  0x000001fe0834bb10 JavaThread "Unconstrained build operations Thread 17" [_thread_blocked, id=4076, stack(0x000000a3be800000,0x000000a3be900000)]
  0x000001fe0834c020 JavaThread "Unconstrained build operations Thread 18" [_thread_blocked, id=1288, stack(0x000000a3be900000,0x000000a3bea00000)]
  0x000001fe08348870 JavaThread "Unconstrained build operations Thread 19" [_thread_blocked, id=25852, stack(0x000000a3bea00000,0x000000a3beb00000)]
  0x000001fe0834c530 JavaThread "Unconstrained build operations Thread 20" [_thread_blocked, id=22840, stack(0x000000a3beb00000,0x000000a3bec00000)]
  0x000001fe083497a0 JavaThread "Unconstrained build operations Thread 21" [_thread_blocked, id=14652, stack(0x000000a3bec00000,0x000000a3bed00000)]
  0x000001fe08348d80 JavaThread "Unconstrained build operations Thread 22" [_thread_blocked, id=2740, stack(0x000000a3bed00000,0x000000a3bee00000)]
  0x000001fe08349cb0 JavaThread "Unconstrained build operations Thread 23" [_thread_blocked, id=22436, stack(0x000000a3bee00000,0x000000a3bef00000)]
  0x000001fe0834d460 JavaThread "Unconstrained build operations Thread 24" [_thread_blocked, id=22316, stack(0x000000a3bef00000,0x000000a3bf000000)]
  0x000001fe0834d970 JavaThread "Unconstrained build operations Thread 25" [_thread_blocked, id=13132, stack(0x000000a3bf000000,0x000000a3bf100000)]
  0x000001fe0834a1c0 JavaThread "Unconstrained build operations Thread 26" [_thread_blocked, id=11176, stack(0x000000a3bf100000,0x000000a3bf200000)]
  0x000001fe0834de80 JavaThread "Unconstrained build operations Thread 27" [_thread_blocked, id=22300, stack(0x000000a3bf200000,0x000000a3bf300000)]
  0x000001fe0834e390 JavaThread "Unconstrained build operations Thread 28" [_thread_blocked, id=22248, stack(0x000000a3bf300000,0x000000a3bf400000)]
  0x000001fe0834f2c0 JavaThread "Unconstrained build operations Thread 29" [_thread_blocked, id=9996, stack(0x000000a3bf400000,0x000000a3bf500000)]
  0x000001fe0834e8a0 JavaThread "Unconstrained build operations Thread 30" [_thread_blocked, id=11348, stack(0x000000a3bf500000,0x000000a3bf600000)]
  0x000001fe0834edb0 JavaThread "Unconstrained build operations Thread 31" [_thread_blocked, id=14796, stack(0x000000a3bf600000,0x000000a3bf700000)]
  0x000001fe0834f7d0 JavaThread "Unconstrained build operations Thread 32" [_thread_blocked, id=3388, stack(0x000000a3bf700000,0x000000a3bf800000)]
  0x000001fe0b0b35c0 JavaThread "Unconstrained build operations Thread 33" [_thread_blocked, id=21480, stack(0x000000a3bf800000,0x000000a3bf900000)]
  0x000001fe0b0b5420 JavaThread "jar transforms Thread 4" [_thread_blocked, id=17540, stack(0x000000a3bfa00000,0x000000a3bfb00000)]
  0x000001fe0b0b3fe0 JavaThread "jar transforms Thread 5" [_thread_blocked, id=8936, stack(0x000000a3bfb00000,0x000000a3bfc00000)]
  0x000001fe0b0b5930 JavaThread "Memory manager" [_thread_blocked, id=12588, stack(0x000000a3bfc00000,0x000000a3bfd00000)]
  0x000001fe0b0b4f10 JavaThread "build event listener" [_thread_blocked, id=25812, stack(0x000000a3bfd00000,0x000000a3bfe00000)]
  0x000001fe06132ec0 JavaThread "jar transforms Thread 6" [_thread_blocked, id=3024, stack(0x000000a3bfe00000,0x000000a3bff00000)]
  0x000001fe06131060 JavaThread "pool-3-thread-1" [_thread_blocked, id=23836, stack(0x000000a3bf900000,0x000000a3bfa00000)]
  0x000001fe06137090 JavaThread "build event listener" [_thread_blocked, id=19848, stack(0x000000a3bff00000,0x000000a3c0000000)]
  0x000001fe06134d20 JavaThread "included builds" [_thread_blocked, id=24028, stack(0x000000a3c0000000,0x000000a3c0100000)]
  0x000001fe06137ab0 JavaThread "Execution worker" [_thread_blocked, id=8556, stack(0x000000a3c0100000,0x000000a3c0200000)]
  0x000001fe06135c50 JavaThread "Execution worker Thread 2" [_thread_blocked, id=21188, stack(0x000000a3c0200000,0x000000a3c0300000)]
  0x000001fe061375a0 JavaThread "Execution worker Thread 3" [_thread_blocked, id=23376, stack(0x000000a3c0300000,0x000000a3c0400000)]
  0x000001fe06135230 JavaThread "Execution worker Thread 4" [_thread_blocked, id=18908, stack(0x000000a3c0400000,0x000000a3c0500000)]
  0x000001fe06136160 JavaThread "Execution worker Thread 5" [_thread_blocked, id=7992, stack(0x000000a3c0500000,0x000000a3c0600000)]
  0x000001fe06135740 JavaThread "Execution worker Thread 6" [_thread_blocked, id=9344, stack(0x000000a3c0600000,0x000000a3c0700000)]
  0x000001fe06134300 JavaThread "Execution worker Thread 7" [_thread_blocked, id=22400, stack(0x000000a3c0700000,0x000000a3c0800000)]
  0x000001fe06136b80 JavaThread "Execution worker Thread 8" [_thread_blocked, id=15940, stack(0x000000a3c0800000,0x000000a3c0900000)]
  0x000001fe06137fc0 JavaThread "Execution worker Thread 9" [_thread_blocked, id=25104, stack(0x000000a3c0900000,0x000000a3c0a00000)]
  0x000001fe06136670 JavaThread "Execution worker Thread 10" [_thread_blocked, id=9076, stack(0x000000a3c0a00000,0x000000a3c0b00000)]
  0x000001fe061384d0 JavaThread "Execution worker Thread 11" [_thread_blocked, id=23824, stack(0x000000a3c0b00000,0x000000a3c0c00000)]
  0x000001fe061389e0 JavaThread "Cache worker for execution history cache (E:\Revamp\lauditorv3_revamp\.gradle\8.13\executionHistory)" [_thread_blocked, id=14340, stack(0x000000a3c0c00000,0x000000a3c0d00000)]
  0x000001fe06134810 JavaThread "Unconstrained build operations Thread 34" [_thread_blocked, id=17320, stack(0x000000a3c0d00000,0x000000a3c0e00000)]
  0x000001fe0bf120b0 JavaThread "Unconstrained build operations Thread 35" [_thread_blocked, id=2964, stack(0x000000a3c0e00000,0x000000a3c0f00000)]
  0x000001fe0bf15d70 JavaThread "Unconstrained build operations Thread 36" [_thread_blocked, id=16820, stack(0x000000a3c0f00000,0x000000a3c1000000)]
  0x000001fe0bf125c0 JavaThread "Unconstrained build operations Thread 37" [_thread_blocked, id=14820, stack(0x000000a3c1000000,0x000000a3c1100000)]
  0x000001fe0bf14930 JavaThread "Unconstrained build operations Thread 38" [_thread_blocked, id=2732, stack(0x000000a3c1100000,0x000000a3c1200000)]
  0x000001fe0bf12ad0 JavaThread "Unconstrained build operations Thread 39" [_thread_blocked, id=8884, stack(0x000000a3c1200000,0x000000a3c1300000)]
  0x000001fe0bf15860 JavaThread "Unconstrained build operations Thread 40" [_thread_blocked, id=25304, stack(0x000000a3c1300000,0x000000a3c1400000)]
  0x000001fe0bf13a00 JavaThread "Unconstrained build operations Thread 41" [_thread_blocked, id=10852, stack(0x000000a3c1400000,0x000000a3c1500000)]
  0x000001fe0bf13f10 JavaThread "Unconstrained build operations Thread 42" [_thread_blocked, id=6316, stack(0x000000a3c1500000,0x000000a3c1600000)]
  0x000001fe0bf134f0 JavaThread "Unconstrained build operations Thread 43" [_thread_blocked, id=21680, stack(0x000000a3c1600000,0x000000a3c1700000)]
  0x000001fe0bf14420 JavaThread "Unconstrained build operations Thread 44" [_thread_blocked, id=15252, stack(0x000000a3c1700000,0x000000a3c1800000)]
  0x000001fe0bf14e40 JavaThread "Unconstrained build operations Thread 45" [_thread_blocked, id=17048, stack(0x000000a3c1800000,0x000000a3c1900000)]
  0x000001fe0bf16280 JavaThread "Unconstrained build operations Thread 46" [_thread_blocked, id=6132, stack(0x000000a3c1900000,0x000000a3c1a00000)]
  0x000001fe0bf16790 JavaThread "Unconstrained build operations Thread 47" [_thread_blocked, id=23172, stack(0x000000a3c1a00000,0x000000a3c1b00000)]
  0x000001fe0bf15350 JavaThread "Unconstrained build operations Thread 48" [_thread_blocked, id=3652, stack(0x000000a3c1b00000,0x000000a3c1c00000)]
  0x000001fe0bf12fe0 JavaThread "Unconstrained build operations Thread 49" [_thread_blocked, id=5980, stack(0x000000a3c1c00000,0x000000a3c1d00000)]
  0x000001fe0bf19a30 JavaThread "Unconstrained build operations Thread 50" [_thread_blocked, id=22144, stack(0x000000a3c1d00000,0x000000a3c1e00000)]
  0x000001fe0bf16ca0 JavaThread "Unconstrained build operations Thread 51" [_thread_blocked, id=23908, stack(0x000000a3c1e00000,0x000000a3c1f00000)]
  0x000001fe0bf185f0 JavaThread "Unconstrained build operations Thread 52" [_thread_blocked, id=26160, stack(0x000000a3c1f00000,0x000000a3c2000000)]
  0x000001fe0bf171b0 JavaThread "Unconstrained build operations Thread 53" [_thread_blocked, id=17280, stack(0x000000a3c2000000,0x000000a3c2100000)]
  0x000001fe0bf18b00 JavaThread "Unconstrained build operations Thread 54" [_thread_blocked, id=7284, stack(0x000000a3c2100000,0x000000a3c2200000)]
  0x000001fe0bf176c0 JavaThread "Unconstrained build operations Thread 55" [_thread_blocked, id=3732, stack(0x000000a3c2200000,0x000000a3c2300000)]
  0x000001fe0bf19010 JavaThread "Unconstrained build operations Thread 56" [_thread_blocked, id=21244, stack(0x000000a3c2300000,0x000000a3c2400000)]
  0x000001fe0bf17bd0 JavaThread "Unconstrained build operations Thread 57" [_thread_blocked, id=25720, stack(0x000000a3c2400000,0x000000a3c2500000)]
  0x000001fe0bf180e0 JavaThread "Unconstrained build operations Thread 58" [_thread_blocked, id=10708, stack(0x000000a3c2500000,0x000000a3c2600000)]
  0x000001fe060cfde0 JavaThread "Unconstrained build operations Thread 59" [_thread_blocked, id=7960, stack(0x000000a3c2600000,0x000000a3c2700000)]
  0x000001fe060cf8d0 JavaThread "Unconstrained build operations Thread 60" [_thread_blocked, id=19220, stack(0x000000a3c2700000,0x000000a3c2800000)]
  0x000001fe060d02f0 JavaThread "Unconstrained build operations Thread 61" [_thread_blocked, id=9188, stack(0x000000a3c2800000,0x000000a3c2900000)]
  0x000001fe060ceeb0 JavaThread "Unconstrained build operations Thread 62" [_thread_blocked, id=2376, stack(0x000000a3c2900000,0x000000a3c2a00000)]
  0x000001fe060d0800 JavaThread "Unconstrained build operations Thread 63" [_thread_blocked, id=19732, stack(0x000000a3c2a00000,0x000000a3c2b00000)]
  0x000001fe060cd050 JavaThread "Unconstrained build operations Thread 64" [_thread_blocked, id=26076, stack(0x000000a3c2b00000,0x000000a3c2c00000)]
  0x000001fe060cf3c0 JavaThread "Unconstrained build operations Thread 65" [_thread_blocked, id=6400, stack(0x000000a3c2c00000,0x000000a3c2d00000)]
  0x000001fe060d0d10 JavaThread "Unconstrained build operations Thread 66" [_thread_blocked, id=18212, stack(0x000000a3c2d00000,0x000000a3c2e00000)]
  0x000001fe060cd560 JavaThread "Unconstrained build operations Thread 67" [_thread_blocked, id=11620, stack(0x000000a3c2e00000,0x000000a3c2f00000)]
  0x000001fe060ce490 JavaThread "Unconstrained build operations Thread 68" [_thread_blocked, id=5968, stack(0x000000a3c2f00000,0x000000a3c3000000)]
  0x000001fe060d1220 JavaThread "Unconstrained build operations Thread 69" [_thread_blocked, id=24504, stack(0x000000a3c3000000,0x000000a3c3100000)]
  0x000001fe060cda70 JavaThread "Unconstrained build operations Thread 70" [_thread_blocked, id=7392, stack(0x000000a3c3100000,0x000000a3c3200000)]
  0x000001fe060ce9a0 JavaThread "Unconstrained build operations Thread 71" [_thread_blocked, id=11464, stack(0x000000a3c3200000,0x000000a3c3300000)]
  0x000001fe060d1730 JavaThread "Unconstrained build operations Thread 72" [_thread_blocked, id=21380, stack(0x000000a3c3300000,0x000000a3c3400000)]
  0x000001fe060cdf80 JavaThread "Unconstrained build operations Thread 73" [_thread_blocked, id=21724, stack(0x000000a3c3400000,0x000000a3c3500000)]
  0x000001fe060d44c0 JavaThread "Unconstrained build operations Thread 74" [_thread_blocked, id=17868, stack(0x000000a3c3500000,0x000000a3c3600000)]
  0x000001fe060d1c40 JavaThread "Unconstrained build operations Thread 75" [_thread_blocked, id=5808, stack(0x000000a3c3600000,0x000000a3c3700000)]
  0x000001fe060d49d0 JavaThread "Unconstrained build operations Thread 76" [_thread_blocked, id=3400, stack(0x000000a3c3700000,0x000000a3c3800000)]
  0x000001fe060d3590 JavaThread "Unconstrained build operations Thread 77" [_thread_blocked, id=24260, stack(0x000000a3c3800000,0x000000a3c3900000)]
  0x000001fe060d2150 JavaThread "Unconstrained build operations Thread 78" [_thread_blocked, id=22760, stack(0x000000a3c3900000,0x000000a3c3a00000)]
  0x000001fe060d3080 JavaThread "Unconstrained build operations Thread 79" [_thread_blocked, id=11712, stack(0x000000a3c3a00000,0x000000a3c3b00000)]
  0x000001fe060d2660 JavaThread "Unconstrained build operations Thread 80" [_thread_blocked, id=3540, stack(0x000000a3c3b00000,0x000000a3c3c00000)]
  0x000001fe060d2b70 JavaThread "Unconstrained build operations Thread 81" [_thread_blocked, id=9604, stack(0x000000a3c3c00000,0x000000a3c3d00000)]
  0x000001fe060d3fb0 JavaThread "Unconstrained build operations Thread 82" [_thread_blocked, id=22680, stack(0x000000a3c3d00000,0x000000a3c3e00000)]
  0x000001fe060d3aa0 JavaThread "Unconstrained build operations Thread 83" [_thread_blocked, id=17716, stack(0x000000a3c3e00000,0x000000a3c3f00000)]
  0x000001fe0c430980 JavaThread "Unconstrained build operations Thread 84" [_thread_blocked, id=16284, stack(0x000000a3c3f00000,0x000000a3c4000000)]
  0x000001fe0c4327e0 JavaThread "Unconstrained build operations Thread 85" [_thread_blocked, id=22856, stack(0x000000a3c4000000,0x000000a3c4100000)]
  0x000001fe0c432cf0 JavaThread "Unconstrained build operations Thread 86" [_thread_blocked, id=22480, stack(0x000000a3c4100000,0x000000a3c4200000)]
  0x000001fe0c433200 JavaThread "Unconstrained build operations Thread 87" [_thread_blocked, id=5372, stack(0x000000a3c4200000,0x000000a3c4300000)]
  0x000001fe0c42ff60 JavaThread "Unconstrained build operations Thread 88" [_thread_blocked, id=26360, stack(0x000000a3c4300000,0x000000a3c4400000)]
  0x000001fe0c4318b0 JavaThread "Unconstrained build operations Thread 89" [_thread_blocked, id=17156, stack(0x000000a3c4400000,0x000000a3c4500000)]
  0x000001fe0c430e90 JavaThread "Unconstrained build operations Thread 90" [_thread_blocked, id=13980, stack(0x000000a3c4500000,0x000000a3c4600000)]
  0x000001fe0c4322d0 JavaThread "Unconstrained build operations Thread 91" [_thread_blocked, id=16096, stack(0x000000a3c4600000,0x000000a3c4700000)]
  0x000001fe0c4313a0 JavaThread "Unconstrained build operations Thread 92" [_thread_blocked, id=26248, stack(0x000000a3c4700000,0x000000a3c4800000)]
  0x000001fe0c433710 JavaThread "Unconstrained build operations Thread 93" [_thread_blocked, id=14120, stack(0x000000a3c4800000,0x000000a3c4900000)]
  0x000001fe0c433c20 JavaThread "Unconstrained build operations Thread 94" [_thread_blocked, id=14044, stack(0x000000a3c4900000,0x000000a3c4a00000)]
  0x000001fe0c430470 JavaThread "Unconstrained build operations Thread 95" [_thread_blocked, id=5296, stack(0x000000a3c4a00000,0x000000a3c4b00000)]
  0x000001fe0c434130 JavaThread "Unconstrained build operations Thread 96" [_thread_blocked, id=24940, stack(0x000000a3c4b00000,0x000000a3c4c00000)]
  0x000001fe0c434b50 JavaThread "Unconstrained build operations Thread 97" [_thread_blocked, id=9104, stack(0x000000a3c4c00000,0x000000a3c4d00000)]
  0x000001fe0c434640 JavaThread "Unconstrained build operations Thread 98" [_thread_blocked, id=20256, stack(0x000000a3c4d00000,0x000000a3c4e00000)]
  0x000001fe0c435060 JavaThread "Unconstrained build operations Thread 99" [_thread_blocked, id=7836, stack(0x000000a3c4e00000,0x000000a3c4f00000)]
  0x000001fe0c435570 JavaThread "Unconstrained build operations Thread 100" [_thread_blocked, id=13532, stack(0x000000a3c4f00000,0x000000a3c5000000)]
  0x000001fe0c431dc0 JavaThread "Unconstrained build operations Thread 101" [_thread_blocked, id=22520, stack(0x000000a3c5000000,0x000000a3c5100000)]
  0x000001fe0c435a80 JavaThread "File lock release action executor" [_thread_blocked, id=7080, stack(0x000000a3c5300000,0x000000a3c5400000)]
  0x000001fe0c436ec0 JavaThread "Unconstrained build operations Thread 102" [_thread_blocked, id=13788, stack(0x000000a3c5400000,0x000000a3c5500000)]
  0x000001fe0c4373d0 JavaThread "Unconstrained build operations Thread 103" [_thread_blocked, id=22204, stack(0x000000a3c5500000,0x000000a3c5600000)]
  0x000001fe0c4378e0 JavaThread "Unconstrained build operations Thread 104" [_thread_blocked, id=5588, stack(0x000000a3c5600000,0x000000a3c5700000)]
  0x000001fe0c4364a0 JavaThread "Unconstrained build operations Thread 105" [_thread_blocked, id=24100, stack(0x000000a3c5700000,0x000000a3c5800000)]
  0x000001fe0834ca40 JavaThread "Unconstrained build operations Thread 106" [_thread_blocked, id=11260, stack(0x000000a3c5800000,0x000000a3c5900000)]
  0x000001fe0834cf50 JavaThread "Unconstrained build operations Thread 107" [_thread_blocked, id=20448, stack(0x000000a3c5900000,0x000000a3c5a00000)]
  0x000001fe0872a0e0 JavaThread "Unconstrained build operations Thread 108" [_thread_blocked, id=636, stack(0x000000a3c5a00000,0x000000a3c5b00000)]
  0x000001fe0b4a1770 JavaThread "Unconstrained build operations Thread 109" [_thread_blocked, id=6012, stack(0x000000a3c5b00000,0x000000a3c5c00000)]
  0x000001fe0b4a0d50 JavaThread "Unconstrained build operations Thread 110" [_thread_blocked, id=5260, stack(0x000000a3c5c00000,0x000000a3c5d00000)]
  0x000001fe0b4a2190 JavaThread "Unconstrained build operations Thread 111" [_thread_blocked, id=1292, stack(0x000000a3c5d00000,0x000000a3c5e00000)]
  0x000001fe0b4a1c80 JavaThread "Unconstrained build operations Thread 112" [_thread_blocked, id=22360, stack(0x000000a3c5e00000,0x000000a3c5f00000)]
  0x000001fe0b4a35d0 JavaThread "Unconstrained build operations Thread 113" [_thread_blocked, id=4100, stack(0x000000a3c5f00000,0x000000a3c6000000)]
  0x000001fe0b4a3ae0 JavaThread "Unconstrained build operations Thread 114" [_thread_blocked, id=15648, stack(0x000000a3c6000000,0x000000a3c6100000)]
  0x000001fe0b4a26a0 JavaThread "Unconstrained build operations Thread 115" [_thread_blocked, id=10932, stack(0x000000a3c6100000,0x000000a3c6200000)]
  0x000001fe0b4a2bb0 JavaThread "Unconstrained build operations Thread 116" [_thread_blocked, id=15892, stack(0x000000a3c6200000,0x000000a3c6300000)]
  0x000001fe0b4a30c0 JavaThread "Unconstrained build operations Thread 117" [_thread_blocked, id=9716, stack(0x000000a3c6300000,0x000000a3c6400000)]
  0x000001fe0b4a0330 JavaThread "Unconstrained build operations Thread 118" [_thread_blocked, id=14008, stack(0x000000a3c6400000,0x000000a3c6500000)]
  0x000001fe0b4a0840 JavaThread "Unconstrained build operations Thread 119" [_thread_blocked, id=7464, stack(0x000000a3c6500000,0x000000a3c6600000)]
  0x000001fe0b4a3ff0 JavaThread "Unconstrained build operations Thread 120" [_thread_blocked, id=9540, stack(0x000000a3c6600000,0x000000a3c6700000)]
  0x000001fe0b4a4f20 JavaThread "WorkerExecutor Queue" [_thread_blocked, id=12940, stack(0x000000a3c6700000,0x000000a3c6800000)]

Other Threads:
=>0x000001fdc00b7620 VMThread "VM Thread" [stack: 0x000000a3ba500000,0x000000a3ba600000] [id=6508]
  0x000001fda136d1c0 WatcherThread [stack: 0x000000a3bb100000,0x000000a3bb200000] [id=9964]
  0x000001fda13dd060 GCTaskThread "GC Thread#0" [stack: 0x000000a3ba000000,0x000000a3ba100000] [id=17232]
  0x000001fe06502160 GCTaskThread "GC Thread#1" [stack: 0x000000a3bb400000,0x000000a3bb500000] [id=4384]
  0x000001fe06712d40 GCTaskThread "GC Thread#2" [stack: 0x000000a3bb500000,0x000000a3bb600000] [id=21120]
  0x000001fe06082c60 GCTaskThread "GC Thread#3" [stack: 0x000000a3bb600000,0x000000a3bb700000] [id=20876]
  0x000001fe06778020 GCTaskThread "GC Thread#4" [stack: 0x000000a3bb700000,0x000000a3bb800000] [id=15700]
  0x000001fe07b37070 GCTaskThread "GC Thread#5" [stack: 0x000000a3bb300000,0x000000a3bb400000] [id=19512]
  0x000001fe06633f40 GCTaskThread "GC Thread#6" [stack: 0x000000a3bb800000,0x000000a3bb900000] [id=7520]
  0x000001fe08325b70 GCTaskThread "GC Thread#7" [stack: 0x000000a3bc800000,0x000000a3bc900000] [id=8664]
  0x000001fe083260f0 GCTaskThread "GC Thread#8" [stack: 0x000000a3bc900000,0x000000a3bca00000] [id=8900]
  0x000001fe08325e30 GCTaskThread "GC Thread#9" [stack: 0x000000a3bca00000,0x000000a3bcb00000] [id=12808]
  0x000001fda13ee020 ConcurrentGCThread "G1 Main Marker" [stack: 0x000000a3ba100000,0x000000a3ba200000] [id=24460]
  0x000001fda13f0370 ConcurrentGCThread "G1 Conc#0" [stack: 0x000000a3ba200000,0x000000a3ba300000] [id=14080]
  0x000001fe08325330 ConcurrentGCThread "G1 Conc#1" [stack: 0x000000a3bcb00000,0x000000a3bcc00000] [id=11032]
  0x000001fe083263b0 ConcurrentGCThread "G1 Conc#2" [stack: 0x000000a3bcc00000,0x000000a3bcd00000] [id=15972]
  0x000001fdbfff38e0 ConcurrentGCThread "G1 Refine#0" [stack: 0x000000a3ba300000,0x000000a3ba400000] [id=8200]
  0x000001fe082c5440 ConcurrentGCThread "G1 Refine#1" [stack: 0x000000a3bd000000,0x000000a3bd100000] [id=6660]
  0x000001fe099177e0 ConcurrentGCThread "G1 Refine#2" [stack: 0x000000a3bd100000,0x000000a3bd200000] [id=3040]
  0x000001fdbfff40c0 ConcurrentGCThread "G1 Service" [stack: 0x000000a3ba400000,0x000000a3ba500000] [id=21420]

Threads with active compile tasks:
C2 CompilerThread0    39392 13935       4       java.util.TimSort::sort (229 bytes)

VM state: at safepoint (normal execution)

VM Mutex/Monitor currently owned by a thread:  ([mutex/lock_event])
[0x000001fda1369360] Threads_lock - owner thread: 0x000001fdc00b7620
[0x000001fda13688b0] Heap_lock - owner thread: 0x000001fe0b4a4f20

Heap address: 0x0000000700000000, size: 4096 MB, Compressed Oops mode: Zero based, Oop shift amount: 3

CDS archive(s) mapped at: [0x000001fdc1000000-0x000001fdc1c00000-0x000001fdc1c00000), size 12582912, SharedBaseAddress: 0x000001fdc1000000, ArchiveRelocationMode: 1.
Compressed class space mapped at: 0x000001fdc2000000-0x000001fe02000000, reserved size: 1073741824
Narrow klass base: 0x000001fdc1000000, Narrow klass shift: 0, Narrow klass range: 0x100000000

GC Precious Log:
 CPUs: 12 total, 12 available
 Memory: 15724M
 Large Page Support: Disabled
 NUMA Support: Disabled
 Compressed Oops: Enabled (Zero based)
 Heap Region Size: 2M
 Heap Min Capacity: 8M
 Heap Initial Capacity: 246M
 Heap Max Capacity: 4G
 Pre-touch: Disabled
 Parallel Workers: 10
 Concurrent Workers: 3
 Concurrent Refinement Workers: 10
 Periodic GC: Disabled

Heap:
 garbage-first heap   total 251904K, used 138127K [0x0000000700000000, 0x0000000800000000)
  region size 2048K, 4 young (8192K), 4 survivors (8192K)
 Metaspace       used 103711K, committed 104512K, reserved 1179648K
  class space    used 14466K, committed 14848K, reserved 1048576K

Heap Regions: E=young(eden), S=young(survivor), O=old, HS=humongous(starts), HC=humongous(continues), CS=collection set, F=free, OA=open archive, CA=closed archive, TAMS=top-at-mark-start (previous, next)
|   0|0x0000000700000000, 0x0000000700200000, 0x0000000700200000|100%|HS|  |TAMS 0x0000000700200000, 0x0000000700000000| Complete 
|   1|0x0000000700200000, 0x0000000700400000, 0x0000000700400000|100%|HC|  |TAMS 0x0000000700400000, 0x0000000700200000| Complete 
|   2|0x0000000700400000, 0x0000000700600000, 0x0000000700600000|100%| O|  |TAMS 0x0000000700600000, 0x0000000700400000| Untracked 
|   3|0x0000000700600000, 0x0000000700800000, 0x0000000700800000|100%| O|  |TAMS 0x0000000700800000, 0x0000000700600000| Untracked 
|   4|0x0000000700800000, 0x0000000700a00000, 0x0000000700a00000|100%| O|  |TAMS 0x0000000700a00000, 0x0000000700800000| Untracked 
|   5|0x0000000700a00000, 0x0000000700bfca00, 0x0000000700c00000| 99%| O|  |TAMS 0x0000000700bfca00, 0x0000000700a00000| Untracked 
|   6|0x0000000700c00000, 0x0000000700e00000, 0x0000000700e00000|100%| O|  |TAMS 0x0000000700e00000, 0x0000000700c00000| Untracked 
|   7|0x0000000700e00000, 0x0000000701000000, 0x0000000701000000|100%| O|  |TAMS 0x0000000701000000, 0x0000000700e00000| Untracked 
|   8|0x0000000701000000, 0x0000000701200000, 0x0000000701200000|100%| O|  |TAMS 0x0000000701200000, 0x0000000701000000| Untracked 
|   9|0x0000000701200000, 0x0000000701400000, 0x0000000701400000|100%| O|  |TAMS 0x0000000701400000, 0x0000000701200000| Untracked 
|  10|0x0000000701400000, 0x0000000701600000, 0x0000000701600000|100%| O|  |TAMS 0x0000000701600000, 0x0000000701400000| Untracked 
|  11|0x0000000701600000, 0x0000000701800000, 0x0000000701800000|100%| O|  |TAMS 0x0000000701800000, 0x0000000701600000| Untracked 
|  12|0x0000000701800000, 0x0000000701a00000, 0x0000000701a00000|100%| O|  |TAMS 0x0000000701a00000, 0x0000000701800000| Untracked 
|  13|0x0000000701a00000, 0x0000000701c00000, 0x0000000701c00000|100%| O|  |TAMS 0x0000000701c00000, 0x0000000701a00000| Untracked 
|  14|0x0000000701c00000, 0x0000000701e00000, 0x0000000701e00000|100%| O|  |TAMS 0x0000000701e00000, 0x0000000701c00000| Untracked 
|  15|0x0000000701e00000, 0x0000000702000000, 0x0000000702000000|100%| O|  |TAMS 0x0000000702000000, 0x0000000701e00000| Untracked 
|  16|0x0000000702000000, 0x0000000702200000, 0x0000000702200000|100%| O|  |TAMS 0x0000000702200000, 0x0000000702000000| Untracked 
|  17|0x0000000702200000, 0x0000000702400000, 0x0000000702400000|100%| O|  |TAMS 0x0000000702400000, 0x0000000702200000| Untracked 
|  18|0x0000000702400000, 0x0000000702600000, 0x0000000702600000|100%| O|  |TAMS 0x0000000702600000, 0x0000000702400000| Untracked 
|  19|0x0000000702600000, 0x0000000702800000, 0x0000000702800000|100%| O|  |TAMS 0x0000000702800000, 0x0000000702600000| Untracked 
|  20|0x0000000702800000, 0x0000000702a00000, 0x0000000702a00000|100%| O|  |TAMS 0x0000000702a00000, 0x0000000702800000| Untracked 
|  21|0x0000000702a00000, 0x0000000702a00000, 0x0000000702c00000|  0%| F|  |TAMS 0x0000000702a00000, 0x0000000702a00000| Untracked 
|  22|0x0000000702c00000, 0x0000000702e00000, 0x0000000702e00000|100%| O|  |TAMS 0x0000000702e00000, 0x0000000702c00000| Untracked 
|  23|0x0000000702e00000, 0x0000000703000000, 0x0000000703000000|100%| O|  |TAMS 0x0000000703000000, 0x0000000702e00000| Untracked 
|  24|0x0000000703000000, 0x0000000703200000, 0x0000000703200000|100%| O|  |TAMS 0x0000000703200000, 0x0000000703000000| Untracked 
|  25|0x0000000703200000, 0x0000000703400000, 0x0000000703400000|100%| O|  |TAMS 0x0000000703400000, 0x0000000703200000| Untracked 
|  26|0x0000000703400000, 0x0000000703600000, 0x0000000703600000|100%| O|  |TAMS 0x0000000703600000, 0x0000000703400000| Untracked 
|  27|0x0000000703600000, 0x0000000703800000, 0x0000000703800000|100%|HS|  |TAMS 0x0000000703800000, 0x0000000703600000| Complete 
|  28|0x0000000703800000, 0x0000000703a00000, 0x0000000703a00000|100%|HS|  |TAMS 0x0000000703a00000, 0x0000000703800000| Complete 
|  29|0x0000000703a00000, 0x0000000703c00000, 0x0000000703c00000|100%| O|  |TAMS 0x0000000703c00000, 0x0000000703a00000| Untracked 
|  30|0x0000000703c00000, 0x0000000703e00000, 0x0000000703e00000|100%| O|  |TAMS 0x0000000703e00000, 0x0000000703c00000| Untracked 
|  31|0x0000000703e00000, 0x0000000704000000, 0x0000000704000000|100%| O|  |TAMS 0x0000000704000000, 0x0000000703e00000| Untracked 
|  32|0x0000000704000000, 0x0000000704200000, 0x0000000704200000|100%| O|  |TAMS 0x0000000704200000, 0x0000000704000000| Untracked 
|  33|0x0000000704200000, 0x0000000704400000, 0x0000000704400000|100%| O|  |TAMS 0x0000000704400000, 0x0000000704200000| Untracked 
|  34|0x0000000704400000, 0x0000000704600000, 0x0000000704600000|100%| O|  |TAMS 0x0000000704600000, 0x0000000704400000| Untracked 
|  35|0x0000000704600000, 0x0000000704800000, 0x0000000704800000|100%| O|  |TAMS 0x0000000704800000, 0x0000000704600000| Untracked 
|  36|0x0000000704800000, 0x0000000704a00000, 0x0000000704a00000|100%| O|  |TAMS 0x0000000704a00000, 0x0000000704800000| Untracked 
|  37|0x0000000704a00000, 0x0000000704c00000, 0x0000000704c00000|100%| O|  |TAMS 0x0000000704c00000, 0x0000000704a00000| Untracked 
|  38|0x0000000704c00000, 0x0000000704e00000, 0x0000000704e00000|100%| O|  |TAMS 0x0000000704e00000, 0x0000000704c00000| Untracked 
|  39|0x0000000704e00000, 0x0000000705000000, 0x0000000705000000|100%| O|  |TAMS 0x0000000705000000, 0x0000000704e00000| Untracked 
|  40|0x0000000705000000, 0x0000000705200000, 0x0000000705200000|100%| O|  |TAMS 0x0000000705200000, 0x0000000705000000| Untracked 
|  41|0x0000000705200000, 0x0000000705400000, 0x0000000705400000|100%| O|  |TAMS 0x0000000705400000, 0x0000000705200000| Untracked 
|  42|0x0000000705400000, 0x0000000705600000, 0x0000000705600000|100%| O|  |TAMS 0x0000000705600000, 0x0000000705400000| Untracked 
|  43|0x0000000705600000, 0x0000000705800000, 0x0000000705800000|100%| O|  |TAMS 0x0000000705800000, 0x0000000705600000| Untracked 
|  44|0x0000000705800000, 0x0000000705a00000, 0x0000000705a00000|100%| O|  |TAMS 0x0000000705a00000, 0x0000000705800000| Untracked 
|  45|0x0000000705a00000, 0x0000000705c00000, 0x0000000705c00000|100%| O|  |TAMS 0x0000000705c00000, 0x0000000705a00000| Untracked 
|  46|0x0000000705c00000, 0x0000000705e00000, 0x0000000705e00000|100%| O|  |TAMS 0x0000000705e00000, 0x0000000705c00000| Untracked 
|  47|0x0000000705e00000, 0x0000000706000000, 0x0000000706000000|100%| O|  |TAMS 0x0000000706000000, 0x0000000705e00000| Untracked 
|  48|0x0000000706000000, 0x0000000706200000, 0x0000000706200000|100%| O|  |TAMS 0x0000000706200000, 0x0000000706000000| Untracked 
|  49|0x0000000706200000, 0x0000000706400000, 0x0000000706400000|100%| O|  |TAMS 0x0000000706400000, 0x0000000706200000| Untracked 
|  50|0x0000000706400000, 0x0000000706600000, 0x0000000706600000|100%| O|  |TAMS 0x0000000706600000, 0x0000000706400000| Untracked 
|  51|0x0000000706600000, 0x0000000706800000, 0x0000000706800000|100%| O|  |TAMS 0x0000000706800000, 0x0000000706600000| Untracked 
|  52|0x0000000706800000, 0x0000000706a00000, 0x0000000706a00000|100%| O|  |TAMS 0x0000000706a00000, 0x0000000706800000| Untracked 
|  53|0x0000000706a00000, 0x0000000706c00000, 0x0000000706c00000|100%| O|  |TAMS 0x0000000706c00000, 0x0000000706a00000| Untracked 
|  54|0x0000000706c00000, 0x0000000706e00000, 0x0000000706e00000|100%| O|  |TAMS 0x0000000706e00000, 0x0000000706c00000| Untracked 
|  55|0x0000000706e00000, 0x0000000707000000, 0x0000000707000000|100%| O|  |TAMS 0x0000000707000000, 0x0000000706e00000| Untracked 
|  56|0x0000000707000000, 0x0000000707200000, 0x0000000707200000|100%| O|  |TAMS 0x0000000707200000, 0x0000000707000000| Untracked 
|  57|0x0000000707200000, 0x0000000707400000, 0x0000000707400000|100%| O|  |TAMS 0x0000000707400000, 0x0000000707200000| Untracked 
|  58|0x0000000707400000, 0x0000000707600000, 0x0000000707600000|100%| O|  |TAMS 0x0000000707600000, 0x0000000707400000| Untracked 
|  59|0x0000000707600000, 0x0000000707800000, 0x0000000707800000|100%| O|  |TAMS 0x0000000707800000, 0x0000000707600000| Untracked 
|  60|0x0000000707800000, 0x0000000707a00000, 0x0000000707a00000|100%| O|  |TAMS 0x00000007078abc00, 0x0000000707800000| Untracked 
|  61|0x0000000707a00000, 0x0000000707c00000, 0x0000000707c00000|100%| O|  |TAMS 0x0000000707a00000, 0x0000000707a00000| Untracked 
|  62|0x0000000707c00000, 0x0000000707e00000, 0x0000000707e00000|100%| O|  |TAMS 0x0000000707c00000, 0x0000000707c00000| Untracked 
|  63|0x0000000707e00000, 0x0000000708000000, 0x0000000708000000|100%| O|  |TAMS 0x0000000707e00000, 0x0000000707e00000| Untracked 
|  64|0x0000000708000000, 0x0000000708200000, 0x0000000708200000|100%| O|  |TAMS 0x0000000708000000, 0x0000000708000000| Untracked 
|  65|0x0000000708200000, 0x00000007082d2600, 0x0000000708400000| 41%| O|  |TAMS 0x0000000708200000, 0x0000000708200000| Untracked 
|  66|0x0000000708400000, 0x0000000708400000, 0x0000000708600000|  0%| F|  |TAMS 0x0000000708400000, 0x0000000708400000| Untracked 
|  67|0x0000000708600000, 0x0000000708600000, 0x0000000708800000|  0%| F|  |TAMS 0x0000000708600000, 0x0000000708600000| Untracked 
|  68|0x0000000708800000, 0x0000000708800000, 0x0000000708a00000|  0%| F|  |TAMS 0x0000000708800000, 0x0000000708800000| Untracked 
|  69|0x0000000708a00000, 0x0000000708a00000, 0x0000000708c00000|  0%| F|  |TAMS 0x0000000708a00000, 0x0000000708a00000| Untracked 
|  70|0x0000000708c00000, 0x0000000708c00000, 0x0000000708e00000|  0%| F|  |TAMS 0x0000000708c00000, 0x0000000708c00000| Untracked 
|  71|0x0000000708e00000, 0x0000000708e00000, 0x0000000709000000|  0%| F|  |TAMS 0x0000000708e00000, 0x0000000708e00000| Untracked 
|  72|0x0000000709000000, 0x0000000709000000, 0x0000000709200000|  0%| F|  |TAMS 0x0000000709000000, 0x0000000709000000| Untracked 
|  73|0x0000000709200000, 0x0000000709200000, 0x0000000709400000|  0%| F|  |TAMS 0x0000000709200000, 0x0000000709200000| Untracked 
|  74|0x0000000709400000, 0x0000000709400000, 0x0000000709600000|  0%| F|  |TAMS 0x0000000709400000, 0x0000000709400000| Untracked 
|  75|0x0000000709600000, 0x0000000709600000, 0x0000000709800000|  0%| F|  |TAMS 0x0000000709600000, 0x0000000709600000| Untracked 
|  76|0x0000000709800000, 0x0000000709800000, 0x0000000709a00000|  0%| F|  |TAMS 0x0000000709800000, 0x0000000709800000| Untracked 
|  77|0x0000000709a00000, 0x0000000709a00000, 0x0000000709c00000|  0%| F|  |TAMS 0x0000000709a00000, 0x0000000709a00000| Untracked 
|  78|0x0000000709c00000, 0x0000000709c00000, 0x0000000709e00000|  0%| F|  |TAMS 0x0000000709c00000, 0x0000000709c00000| Untracked 
|  79|0x0000000709e00000, 0x0000000709e00000, 0x000000070a000000|  0%| F|  |TAMS 0x0000000709e00000, 0x0000000709e00000| Untracked 
|  80|0x000000070a000000, 0x000000070a000000, 0x000000070a200000|  0%| F|  |TAMS 0x000000070a000000, 0x000000070a000000| Untracked 
|  81|0x000000070a200000, 0x000000070a214fe0, 0x000000070a400000|  4%| S|CS|TAMS 0x000000070a200000, 0x000000070a200000| Complete 
|  82|0x000000070a400000, 0x000000070a600000, 0x000000070a600000|100%| S|CS|TAMS 0x000000070a400000, 0x000000070a400000| Complete 
|  83|0x000000070a600000, 0x000000070a800000, 0x000000070a800000|100%| S|CS|TAMS 0x000000070a600000, 0x000000070a600000| Complete 
|  84|0x000000070a800000, 0x000000070aa00000, 0x000000070aa00000|100%| S|CS|TAMS 0x000000070a800000, 0x000000070a800000| Complete 
|  85|0x000000070aa00000, 0x000000070aa00000, 0x000000070ac00000|  0%| F|  |TAMS 0x000000070aa00000, 0x000000070aa00000| Untracked 
|  86|0x000000070ac00000, 0x000000070ac00000, 0x000000070ae00000|  0%| F|  |TAMS 0x000000070ac00000, 0x000000070ac00000| Untracked 
|  87|0x000000070ae00000, 0x000000070ae00000, 0x000000070b000000|  0%| F|  |TAMS 0x000000070ae00000, 0x000000070ae00000| Untracked 
|  88|0x000000070b000000, 0x000000070b000000, 0x000000070b200000|  0%| F|  |TAMS 0x000000070b000000, 0x000000070b000000| Untracked 
|  89|0x000000070b200000, 0x000000070b200000, 0x000000070b400000|  0%| F|  |TAMS 0x000000070b200000, 0x000000070b200000| Untracked 
|  90|0x000000070b400000, 0x000000070b400000, 0x000000070b600000|  0%| F|  |TAMS 0x000000070b400000, 0x000000070b400000| Untracked 
|  91|0x000000070b600000, 0x000000070b600000, 0x000000070b800000|  0%| F|  |TAMS 0x000000070b600000, 0x000000070b600000| Untracked 
|  92|0x000000070b800000, 0x000000070b800000, 0x000000070ba00000|  0%| F|  |TAMS 0x000000070b800000, 0x000000070b800000| Untracked 
|  93|0x000000070ba00000, 0x000000070ba00000, 0x000000070bc00000|  0%| F|  |TAMS 0x000000070ba00000, 0x000000070ba00000| Untracked 
|  94|0x000000070bc00000, 0x000000070bc00000, 0x000000070be00000|  0%| F|  |TAMS 0x000000070bc00000, 0x000000070bc00000| Untracked 
|  95|0x000000070be00000, 0x000000070be00000, 0x000000070c000000|  0%| F|  |TAMS 0x000000070be00000, 0x000000070be00000| Untracked 
|  96|0x000000070c000000, 0x000000070c000000, 0x000000070c200000|  0%| F|  |TAMS 0x000000070c000000, 0x000000070c000000| Untracked 
|  97|0x000000070c200000, 0x000000070c200000, 0x000000070c400000|  0%| F|  |TAMS 0x000000070c200000, 0x000000070c200000| Untracked 
|  98|0x000000070c400000, 0x000000070c400000, 0x000000070c600000|  0%| F|  |TAMS 0x000000070c400000, 0x000000070c400000| Untracked 
|  99|0x000000070c600000, 0x000000070c600000, 0x000000070c800000|  0%| F|  |TAMS 0x000000070c600000, 0x000000070c600000| Untracked 
| 100|0x000000070c800000, 0x000000070c800000, 0x000000070ca00000|  0%| F|  |TAMS 0x000000070c800000, 0x000000070c800000| Untracked 
| 101|0x000000070ca00000, 0x000000070ca00000, 0x000000070cc00000|  0%| F|  |TAMS 0x000000070ca00000, 0x000000070ca00000| Untracked 
| 102|0x000000070cc00000, 0x000000070cc00000, 0x000000070ce00000|  0%| F|  |TAMS 0x000000070cc00000, 0x000000070cc00000| Untracked 
| 103|0x000000070ce00000, 0x000000070ce00000, 0x000000070d000000|  0%| F|  |TAMS 0x000000070ce00000, 0x000000070ce00000| Untracked 
| 104|0x000000070d000000, 0x000000070d000000, 0x000000070d200000|  0%| F|  |TAMS 0x000000070d000000, 0x000000070d000000| Untracked 
| 105|0x000000070d200000, 0x000000070d200000, 0x000000070d400000|  0%| F|  |TAMS 0x000000070d200000, 0x000000070d200000| Untracked 
| 106|0x000000070d400000, 0x000000070d400000, 0x000000070d600000|  0%| F|  |TAMS 0x000000070d400000, 0x000000070d400000| Untracked 
| 107|0x000000070d600000, 0x000000070d600000, 0x000000070d800000|  0%| F|  |TAMS 0x000000070d600000, 0x000000070d600000| Untracked 
| 108|0x000000070d800000, 0x000000070d800000, 0x000000070da00000|  0%| F|  |TAMS 0x000000070d800000, 0x000000070d800000| Untracked 
| 109|0x000000070da00000, 0x000000070da00000, 0x000000070dc00000|  0%| F|  |TAMS 0x000000070da00000, 0x000000070da00000| Untracked 
| 110|0x000000070dc00000, 0x000000070dc00000, 0x000000070de00000|  0%| F|  |TAMS 0x000000070dc00000, 0x000000070dc00000| Untracked 
| 111|0x000000070de00000, 0x000000070de00000, 0x000000070e000000|  0%| F|  |TAMS 0x000000070de00000, 0x000000070de00000| Untracked 
| 112|0x000000070e000000, 0x000000070e000000, 0x000000070e200000|  0%| F|  |TAMS 0x000000070e000000, 0x000000070e000000| Untracked 
| 113|0x000000070e200000, 0x000000070e200000, 0x000000070e400000|  0%| F|  |TAMS 0x000000070e200000, 0x000000070e200000| Untracked 
| 114|0x000000070e400000, 0x000000070e400000, 0x000000070e600000|  0%| F|  |TAMS 0x000000070e400000, 0x000000070e400000| Untracked 
| 115|0x000000070e600000, 0x000000070e600000, 0x000000070e800000|  0%| F|  |TAMS 0x000000070e600000, 0x000000070e600000| Untracked 
| 116|0x000000070e800000, 0x000000070e800000, 0x000000070ea00000|  0%| F|  |TAMS 0x000000070e800000, 0x000000070e800000| Untracked 
| 117|0x000000070ea00000, 0x000000070ea00000, 0x000000070ec00000|  0%| F|  |TAMS 0x000000070ea00000, 0x000000070ea00000| Untracked 
| 118|0x000000070ec00000, 0x000000070ec00000, 0x000000070ee00000|  0%| F|  |TAMS 0x000000070ec00000, 0x000000070ec00000| Untracked 
| 119|0x000000070ee00000, 0x000000070ee00000, 0x000000070f000000|  0%| F|  |TAMS 0x000000070ee00000, 0x000000070ee00000| Untracked 
| 120|0x000000070f000000, 0x000000070f000000, 0x000000070f200000|  0%| F|  |TAMS 0x000000070f000000, 0x000000070f000000| Untracked 
| 121|0x000000070f200000, 0x000000070f200000, 0x000000070f400000|  0%| F|  |TAMS 0x000000070f200000, 0x000000070f200000| Untracked 
| 122|0x000000070f400000, 0x000000070f400000, 0x000000070f600000|  0%| F|  |TAMS 0x000000070f400000, 0x000000070f400000| Untracked 

Card table byte_map: [0x000001fdb48a0000,0x000001fdb50a0000] _byte_map_base: 0x000001fdb10a0000

Marking Bits (Prev, Next): (CMBitMap*) 0x000001fda13dd590, (CMBitMap*) 0x000001fda13dd5d0
 Prev Bits: [0x000001fdb58a0000, 0x000001fdb98a0000)
 Next Bits: [0x000001fdb98a0000, 0x000001fdbd8a0000)

Polling page: 0x000001fd9f2c0000

Metaspace:

Usage:
  Non-class:     87.15 MB used.
      Class:     14.13 MB used.
       Both:    101.28 MB used.

Virtual space:
  Non-class space:      128.00 MB reserved,      87.56 MB ( 68%) committed,  2 nodes.
      Class space:        1.00 GB reserved,      14.50 MB (  1%) committed,  1 nodes.
             Both:        1.12 GB reserved,     102.06 MB (  9%) committed. 

Chunk freelists:
   Non-Class:  8.48 MB
       Class:  1.55 MB
        Both:  10.03 MB

MaxMetaspaceSize: unlimited
CompressedClassSpaceSize: 1.00 GB
Initial GC threshold: 21.00 MB
Current GC threshold: 164.50 MB
CDS: on
MetaspaceReclaimPolicy: balanced
 - commit_granule_bytes: 65536.
 - commit_granule_words: 8192.
 - virtual_space_node_default_size: 8388608.
 - enlarge_chunks_in_place: 1.
 - new_chunks_are_fully_committed: 0.
 - uncommit_free_chunks: 1.
 - use_allocation_guard: 0.
 - handle_deallocations: 1.


Internal statistics:

num_allocs_failed_limit: 6.
num_arena_births: 1132.
num_arena_deaths: 0.
num_vsnodes_births: 3.
num_vsnodes_deaths: 0.
num_space_committed: 1632.
num_space_uncommitted: 0.
num_chunks_returned_to_freelist: 6.
num_chunks_taken_from_freelist: 5514.
num_chunk_merges: 6.
num_chunk_splits: 3645.
num_chunks_enlarged: 2424.
num_inconsistent_stats: 0.

CodeHeap 'non-profiled nmethods': size=120000Kb used=7536Kb max_used=7590Kb free=112463Kb
 bounds [0x000001fdac620000, 0x000001fdacd90000, 0x000001fdb3b50000]
CodeHeap 'profiled nmethods': size=120000Kb used=22711Kb max_used=22783Kb free=97288Kb
 bounds [0x000001fda4b50000, 0x000001fda61b0000, 0x000001fdac080000]
CodeHeap 'non-nmethods': size=5760Kb used=2438Kb max_used=2480Kb free=3322Kb
 bounds [0x000001fdac080000, 0x000001fdac310000, 0x000001fdac620000]
 total_blobs=12673 nmethods=11693 adapters=892
 compilation: enabled
              stopped_count=0, restarted_count=0
 full_count=0

Compilation events (20 events):
Event: 39.024 Thread 0x000001fdc00ecf80 13980   !   3       java.io.ObjectInputStream::filterCheck (369 bytes)
Event: 39.026 Thread 0x000001fdc00ecf80 nmethod 13980 0x000001fda6077190 code [0x000001fda60775c0, 0x000001fda6079a08]
Event: 39.026 Thread 0x000001fdc00ecf80 13981       3       java.io.ObjectInputStream$BlockDataInputStream::getBytesRead (8 bytes)
Event: 39.026 Thread 0x000001fdc00ecf80 nmethod 13981 0x000001fda6058810 code [0x000001fda60589a0, 0x000001fda6058ad8]
Event: 39.026 Thread 0x000001fdc00ecf80 13975       3       java.io.SerialCallbackContext::setUsed (6 bytes)
Event: 39.027 Thread 0x000001fdc00ecf80 nmethod 13975 0x000001fda6058490 code [0x000001fda6058620, 0x000001fda6058758]
Event: 39.027 Thread 0x000001fdc00ecf80 13976       3       java.io.SerialCallbackContext::checkAndSetUsed (26 bytes)
Event: 39.027 Thread 0x000001fdc00ecf80 nmethod 13976 0x000001fda6057e10 code [0x000001fda6057fc0, 0x000001fda60581e8]
Event: 39.027 Thread 0x000001fdc00ecf80 13982       1       sun.security.provider.DigestBase::engineGetDigestLength (5 bytes)
Event: 39.027 Thread 0x000001fdc00ecf80 nmethod 13982 0x000001fdaccf3d90 code [0x000001fdaccf3f20, 0x000001fdaccf3ff8]
Event: 39.028 Thread 0x000001fdc00ecf80 13983       3       java.util.IdentityHashMap::init (11 bytes)
Event: 39.028 Thread 0x000001fdc00ecf80 nmethod 13983 0x000001fda4d5c090 code [0x000001fda4d5c220, 0x000001fda4d5c418]
Event: 39.028 Thread 0x000001fdc00ecf80 13984       3       com.google.common.cache.LocalCache$Segment::initTable (51 bytes)
Event: 39.029 Thread 0x000001fdc00ecf80 nmethod 13984 0x000001fda4d5b990 code [0x000001fda4d5bb40, 0x000001fda4d5beb8]
Event: 39.029 Thread 0x000001fdc00ecf80 13985       1       org.gradle.StartParameter::isOffline (5 bytes)
Event: 39.029 Thread 0x000001fdc00ecf80 nmethod 13985 0x000001fdaccf3a90 code [0x000001fdaccf3c20, 0x000001fdaccf3cf8]
Event: 39.031 Thread 0x000001fdc00ecf80 13986   !   3       jdk.proxy1.$Proxy75::annotationType (29 bytes)
Event: 39.031 Thread 0x000001fdc00ecf80 nmethod 13986 0x000001fda4d5b210 code [0x000001fda4d5b3e0, 0x000001fda4d5b7d8]
Event: 39.046 Thread 0x000001fdc00ecf80 13988       3       java.util.Collections$SingletonSet::spliterator (8 bytes)
Event: 39.046 Thread 0x000001fdc00ecf80 nmethod 13988 0x000001fda55e2b10 code [0x000001fda55e2cc0, 0x000001fda55e2fb8]

GC Heap History (20 events):
Event: 23.867 GC heap after
{Heap after GC invocations=55 (full 0):
 garbage-first heap   total 223232K, used 114653K [0x0000000700000000, 0x0000000800000000)
  region size 2048K, 2 young (4096K), 2 survivors (4096K)
 Metaspace       used 99547K, committed 100288K, reserved 1179648K
  class space    used 13967K, committed 14336K, reserved 1048576K
}
Event: 23.893 GC heap before
{Heap before GC invocations=55 (full 0):
 garbage-first heap   total 223232K, used 120797K [0x0000000700000000, 0x0000000800000000)
  region size 2048K, 5 young (10240K), 2 survivors (4096K)
 Metaspace       used 99547K, committed 100288K, reserved 1179648K
  class space    used 13967K, committed 14336K, reserved 1048576K
}
Event: 23.895 GC heap after
{Heap after GC invocations=56 (full 0):
 garbage-first heap   total 223232K, used 112995K [0x0000000700000000, 0x0000000800000000)
  region size 2048K, 1 young (2048K), 1 survivors (2048K)
 Metaspace       used 99547K, committed 100288K, reserved 1179648K
  class space    used 13967K, committed 14336K, reserved 1048576K
}
Event: 24.374 GC heap before
{Heap before GC invocations=56 (full 0):
 garbage-first heap   total 223232K, used 178531K [0x0000000700000000, 0x0000000800000000)
  region size 2048K, 34 young (69632K), 1 survivors (2048K)
 Metaspace       used 99642K, committed 100416K, reserved 1179648K
  class space    used 13972K, committed 14336K, reserved 1048576K
}
Event: 24.377 GC heap after
{Heap after GC invocations=57 (full 0):
 garbage-first heap   total 223232K, used 116681K [0x0000000700000000, 0x0000000800000000)
  region size 2048K, 3 young (6144K), 3 survivors (6144K)
 Metaspace       used 99642K, committed 100416K, reserved 1179648K
  class space    used 13972K, committed 14336K, reserved 1048576K
}
Event: 29.271 GC heap before
{Heap before GC invocations=58 (full 0):
 garbage-first heap   total 223232K, used 178121K [0x0000000700000000, 0x0000000800000000)
  region size 2048K, 34 young (69632K), 3 survivors (6144K)
 Metaspace       used 99802K, committed 100544K, reserved 1179648K
  class space    used 13997K, committed 14336K, reserved 1048576K
}
Event: 29.276 GC heap after
{Heap after GC invocations=59 (full 0):
 garbage-first heap   total 223232K, used 121411K [0x0000000700000000, 0x0000000800000000)
  region size 2048K, 4 young (8192K), 4 survivors (8192K)
 Metaspace       used 99802K, committed 100544K, reserved 1179648K
  class space    used 13997K, committed 14336K, reserved 1048576K
}
Event: 29.672 GC heap before
{Heap before GC invocations=59 (full 0):
 garbage-first heap   total 223232K, used 123459K [0x0000000700000000, 0x0000000800000000)
  region size 2048K, 5 young (10240K), 4 survivors (8192K)
 Metaspace       used 99802K, committed 100544K, reserved 1179648K
  class space    used 13997K, committed 14336K, reserved 1048576K
}
Event: 29.675 GC heap after
{Heap after GC invocations=60 (full 0):
 garbage-first heap   total 223232K, used 121069K [0x0000000700000000, 0x0000000800000000)
  region size 2048K, 1 young (2048K), 1 survivors (2048K)
 Metaspace       used 99802K, committed 100544K, reserved 1179648K
  class space    used 13997K, committed 14336K, reserved 1048576K
}
Event: 30.854 GC heap before
{Heap before GC invocations=60 (full 0):
 garbage-first heap   total 223232K, used 178413K [0x0000000700000000, 0x0000000800000000)
  region size 2048K, 30 young (61440K), 1 survivors (2048K)
 Metaspace       used 99953K, committed 100672K, reserved 1179648K
  class space    used 14013K, committed 14336K, reserved 1048576K
}
Event: 30.858 GC heap after
{Heap after GC invocations=61 (full 0):
 garbage-first heap   total 223232K, used 125882K [0x0000000700000000, 0x0000000800000000)
  region size 2048K, 3 young (6144K), 3 survivors (6144K)
 Metaspace       used 99953K, committed 100672K, reserved 1179648K
  class space    used 14013K, committed 14336K, reserved 1048576K
}
Event: 31.006 GC heap before
{Heap before GC invocations=61 (full 0):
 garbage-first heap   total 223232K, used 181178K [0x0000000700000000, 0x0000000800000000)
  region size 2048K, 31 young (63488K), 3 survivors (6144K)
 Metaspace       used 99961K, committed 100672K, reserved 1179648K
  class space    used 14013K, committed 14336K, reserved 1048576K
}
Event: 31.010 GC heap after
{Heap after GC invocations=62 (full 0):
 garbage-first heap   total 223232K, used 127915K [0x0000000700000000, 0x0000000800000000)
  region size 2048K, 3 young (6144K), 3 survivors (6144K)
 Metaspace       used 99961K, committed 100672K, reserved 1179648K
  class space    used 14013K, committed 14336K, reserved 1048576K
}
Event: 36.067 GC heap before
{Heap before GC invocations=62 (full 0):
 garbage-first heap   total 223232K, used 183211K [0x0000000700000000, 0x0000000800000000)
  region size 2048K, 30 young (61440K), 3 survivors (6144K)
 Metaspace       used 100315K, committed 101056K, reserved 1179648K
  class space    used 14048K, committed 14400K, reserved 1048576K
}
Event: 36.076 GC heap after
{Heap after GC invocations=63 (full 0):
 garbage-first heap   total 223232K, used 131906K [0x0000000700000000, 0x0000000800000000)
  region size 2048K, 4 young (8192K), 4 survivors (8192K)
 Metaspace       used 100315K, committed 101056K, reserved 1179648K
  class space    used 14048K, committed 14400K, reserved 1048576K
}
Event: 37.600 GC heap before
{Heap before GC invocations=64 (full 0):
 garbage-first heap   total 235520K, used 181058K [0x0000000700000000, 0x0000000800000000)
  region size 2048K, 29 young (59392K), 4 survivors (8192K)
 Metaspace       used 100400K, committed 101184K, reserved 1179648K
  class space    used 14057K, committed 14400K, reserved 1048576K
}
Event: 37.606 GC heap after
{Heap after GC invocations=65 (full 0):
 garbage-first heap   total 235520K, used 134574K [0x0000000700000000, 0x0000000800000000)
  region size 2048K, 3 young (6144K), 3 survivors (6144K)
 Metaspace       used 100400K, committed 101184K, reserved 1179648K
  class space    used 14057K, committed 14400K, reserved 1048576K
}
Event: 37.628 GC heap before
{Heap before GC invocations=65 (full 0):
 garbage-first heap   total 235520K, used 136622K [0x0000000700000000, 0x0000000800000000)
  region size 2048K, 5 young (10240K), 3 survivors (6144K)
 Metaspace       used 100400K, committed 101184K, reserved 1179648K
  class space    used 14057K, committed 14400K, reserved 1048576K
}
Event: 37.631 GC heap after
{Heap after GC invocations=66 (full 0):
 garbage-first heap   total 235520K, used 133522K [0x0000000700000000, 0x0000000800000000)
  region size 2048K, 1 young (2048K), 1 survivors (2048K)
 Metaspace       used 100400K, committed 101184K, reserved 1179648K
  class space    used 14057K, committed 14400K, reserved 1048576K
}
Event: 39.047 GC heap before
{Heap before GC invocations=66 (full 0):
 garbage-first heap   total 235520K, used 190866K [0x0000000700000000, 0x0000000800000000)
  region size 2048K, 30 young (61440K), 1 survivors (2048K)
 Metaspace       used 103711K, committed 104512K, reserved 1179648K
  class space    used 14466K, committed 14848K, reserved 1048576K
}

Dll operation events (4 events):
Event: 0.014 Loaded shared library C:\Users\karth\.jdks\jbr-17.0.14\bin\java.dll
Event: 0.028 Loaded shared library C:\Users\karth\.jdks\jbr-17.0.14\bin\jsvml.dll
Event: 0.077 Loaded shared library C:\Users\karth\.jdks\jbr-17.0.14\bin\zip.dll
Event: 0.524 Loaded shared library C:\Users\karth\.jdks\jbr-17.0.14\bin\verify.dll

Deoptimization events (20 events):
Event: 39.011 Thread 0x000001fe0b4a4f20 Uncommon trap: trap_request=0xfffffff4 fr.pc=0x000001fdacca8694 relative=0x0000000000000314
Event: 39.011 Thread 0x000001fe0b4a4f20 Uncommon trap: reason=null_check action=make_not_entrant pc=0x000001fdacca8694 method=org.gradle.internal.operations.DefaultBuildOperationRunner.getCurrentBuildOperation()Lorg/gradle/internal/operations/BuildOperationState; @ 7 c2
Event: 39.011 Thread 0x000001fe0b4a4f20 DEOPT PACKING pc=0x000001fdacca8694 sp=0x000000a3c67fe520
Event: 39.011 Thread 0x000001fe0b4a4f20 DEOPT UNPACKING pc=0x000001fdac0d69a3 sp=0x000000a3c67fe4b0 mode 2
Event: 39.011 Thread 0x000001fe0b4a4f20 Uncommon trap: trap_request=0xffffff54 fr.pc=0x000001fdacc53774 relative=0x0000000000000074
Event: 39.011 Thread 0x000001fe0b4a4f20 Uncommon trap: reason=speculate_null_assert action=make_not_entrant pc=0x000001fdacc53774 method=org.gradle.internal.operations.DefaultBuildOperationRunner.execute(Lorg/gradle/internal/operations/BuildOperationDescriptor$Builder;Lorg/gradle/internal/opera
Event: 39.011 Thread 0x000001fe0b4a4f20 DEOPT PACKING pc=0x000001fdacc53774 sp=0x000000a3c67fe3e0
Event: 39.011 Thread 0x000001fe0b4a4f20 DEOPT UNPACKING pc=0x000001fdac0d69a3 sp=0x000000a3c67fe3f8 mode 2
Event: 39.011 Thread 0x000001fe0b4a4f20 Uncommon trap: trap_request=0xffffff45 fr.pc=0x000001fdacc3de64 relative=0x0000000000000d84
Event: 39.012 Thread 0x000001fe0b4a4f20 Uncommon trap: reason=unstable_if action=reinterpret pc=0x000001fdacc3de64 method=org.gradle.tooling.internal.provider.runner.ClientBuildEventGenerator$Disabled.accept(Lorg/gradle/internal/operations/BuildOperationDescriptor;)Lorg/gradle/tooling/internal/
Event: 39.012 Thread 0x000001fe0b4a4f20 DEOPT PACKING pc=0x000001fdacc3de64 sp=0x000000a3c67fe090
Event: 39.012 Thread 0x000001fe0b4a4f20 DEOPT UNPACKING pc=0x000001fdac0d69a3 sp=0x000000a3c67fdfe0 mode 2
Event: 39.012 Thread 0x000001fe0b4a4f20 Uncommon trap: trap_request=0xffffff45 fr.pc=0x000001fdacc17e3c relative=0x000000000000009c
Event: 39.012 Thread 0x000001fe0b4a4f20 Uncommon trap: reason=unstable_if action=reinterpret pc=0x000001fdacc17e3c method=org.gradle.tooling.internal.provider.runner.ClientBuildEventGenerator$Disabled.accept(Lorg/gradle/internal/operations/BuildOperationDescriptor;)Lorg/gradle/tooling/internal/
Event: 39.012 Thread 0x000001fe0b4a4f20 DEOPT PACKING pc=0x000001fdacc17e3c sp=0x000000a3c67fe020
Event: 39.012 Thread 0x000001fe0b4a4f20 DEOPT UNPACKING pc=0x000001fdac0d69a3 sp=0x000000a3c67fdfd0 mode 2
Event: 39.039 Thread 0x000001fe06135c50 Uncommon trap: trap_request=0xffffffbe fr.pc=0x000001fdacd4078c relative=0x000000000000026c
Event: 39.039 Thread 0x000001fe06135c50 Uncommon trap: reason=profile_predicate action=maybe_recompile pc=0x000001fdacd4078c method=java.util.LinkedHashMap.keysToArray([Ljava/lang/Object;)[Ljava/lang/Object; @ 10 c2
Event: 39.039 Thread 0x000001fe06135c50 DEOPT PACKING pc=0x000001fdacd4078c sp=0x000000a3c02fad10
Event: 39.039 Thread 0x000001fe06135c50 DEOPT UNPACKING pc=0x000001fdac0d69a3 sp=0x000000a3c02facc0 mode 2

Classes loaded (20 events):
Event: 22.653 Loading class java/util/concurrent/ConcurrentSkipListMap$KeySet
Event: 22.653 Loading class java/util/concurrent/ConcurrentSkipListMap$KeySet done
Event: 22.653 Loading class java/util/concurrent/ConcurrentSkipListMap$KeyIterator
Event: 22.653 Loading class java/util/concurrent/ConcurrentSkipListMap$KeyIterator done
Event: 22.795 Loading class java/io/CharArrayWriter
Event: 22.795 Loading class java/io/CharArrayWriter done
Event: 22.801 Loading class java/io/SequenceInputStream
Event: 22.801 Loading class java/io/SequenceInputStream done
Event: 22.806 Loading class java/util/function/IntUnaryOperator
Event: 22.806 Loading class java/util/function/IntUnaryOperator done
Event: 23.489 Loading class java/util/regex/Pattern$Pos
Event: 23.489 Loading class java/util/regex/Pattern$Pos done
Event: 37.853 Loading class java/nio/file/FileTreeWalker$1
Event: 37.854 Loading class java/nio/file/FileTreeWalker$1 done
Event: 38.741 Loading class java/io/NotSerializableException
Event: 38.741 Loading class java/io/NotSerializableException done
Event: 38.896 Loading class java/nio/file/TempFileHelper
Event: 38.897 Loading class java/nio/file/TempFileHelper done
Event: 39.035 Loading class java/rmi/RemoteException
Event: 39.036 Loading class java/rmi/RemoteException done

Classes unloaded (0 events):
No events

Classes redefined (0 events):
No events

Internal exceptions (20 events):
Event: 30.817 Thread 0x000001fe06137ab0 Exception <a 'java/lang/NoSuchMethodError'{0x000000070a8f2b40}: static Lcom/android/build/gradle/internal/scope/InternalArtifactType;.<clinit>()V> (0x000000070a8f2b40) 
thrown [s\src\hotspot\share\prims\jni.cpp, line 1127]
Event: 30.817 Thread 0x000001fe06137ab0 Exception <a 'java/lang/NoSuchMethodError'{0x000000070a8f5ce0}: static Lcom/android/build/api/artifact/Artifact$Single;.<clinit>()V> (0x000000070a8f5ce0) 
thrown [s\src\hotspot\share\prims\jni.cpp, line 1127]
Event: 30.817 Thread 0x000001fe06137ab0 Exception <a 'java/lang/NoSuchMethodError'{0x000000070a8f8270}: static Ljava/lang/Object;.<clinit>()V> (0x000000070a8f8270) 
thrown [s\src\hotspot\share\prims\jni.cpp, line 1127]
Event: 30.818 Thread 0x000001fe06137ab0 Exception <a 'java/lang/NoSuchMethodError'{0x000000070a911038}: static Lcom/android/build/api/artifact/ArtifactKind;.<clinit>()V> (0x000000070a911038) 
thrown [s\src\hotspot\share\prims\jni.cpp, line 1127]
Event: 30.818 Thread 0x000001fe06137ab0 Exception <a 'java/lang/NoSuchMethodError'{0x000000070a9121e8}: static Lcom/android/build/api/artifact/ArtifactKind;.<clinit>()V> (0x000000070a9121e8) 
thrown [s\src\hotspot\share\prims\jni.cpp, line 1127]
Event: 31.179 Thread 0x000001fe06137ab0 Exception <a 'java/lang/NoSuchMethodError'{0x000000070c8f8d50}: 'int java.lang.invoke.DirectMethodHandle$Holder.invokeSpecial(java.lang.Object, java.lang.Object, java.lang.Object, java.lang.Object, java.lang.Object)'> (0x000000070c8f8d50) 
thrown [s\src\hotspot\share\interpreter\linkResolver.cpp, line 771]
Event: 32.577 Thread 0x000001fe08241830 Implicit null exception at 0x000001fdacc74374 to 0x000001fdacc79474
Event: 32.578 Thread 0x000001fe06137ab0 Implicit null exception at 0x000001fdaccddb80 to 0x000001fdacce1074
Event: 32.648 Thread 0x000001fe06137ab0 Implicit null exception at 0x000001fdacca86f4 to 0x000001fdacca8cfc
Event: 37.490 Thread 0x000001fe06137ab0 Exception <a 'java/lang/NoSuchMethodError'{0x000000070c2bb610}: static Ljava/lang/Object;.<clinit>()V> (0x000000070c2bb610) 
thrown [s\src\hotspot\share\prims\jni.cpp, line 1127]
Event: 38.973 Thread 0x000001fe06137ab0 Exception <a 'java/lang/NoSuchMethodError'{0x000000070aeaf2a8}: static [Ljava/lang/String;.<clinit>()V> (0x000000070aeaf2a8) 
thrown [s\src\hotspot\share\prims\jni.cpp, line 1127]
Event: 38.982 Thread 0x000001fe06137ab0 Exception <a 'java/lang/NoSuchMethodError'{0x000000070af56fc0}: static [Ljava/lang/Object;.<clinit>()V> (0x000000070af56fc0) 
thrown [s\src\hotspot\share\prims\jni.cpp, line 1127]
Event: 38.984 Thread 0x000001fe06137ab0 Exception <a 'java/lang/NoSuchMethodError'{0x000000070af74ea8}: static Lorg/jetbrains/kotlin/buildtools/api/SourcesChanges$Known;.<clinit>()V> (0x000000070af74ea8) 
thrown [s\src\hotspot\share\prims\jni.cpp, line 1127]
Event: 38.987 Thread 0x000001fe06137ab0 Exception <a 'java/lang/NoSuchMethodError'{0x000000070afc0360}: static Lorg/jetbrains/kotlin/incremental/ClasspathChanges$ClasspathSnapshotEnabled$IncrementalRun$NoChanges;.<clinit>()V> (0x000000070afc0360) 
thrown [s\src\hotspot\share\prims\jni.cpp, line 1127]
Event: 38.987 Thread 0x000001fe06137ab0 Exception <a 'java/lang/NoSuchMethodError'{0x000000070afc22c0}: static Lorg/jetbrains/kotlin/incremental/ClasspathChanges$ClasspathSnapshotEnabled$IncrementalRun;.<clinit>()V> (0x000000070afc22c0) 
thrown [s\src\hotspot\share\prims\jni.cpp, line 1127]
Event: 38.987 Thread 0x000001fe06137ab0 Exception <a 'java/lang/NoSuchMethodError'{0x000000070afc3d60}: static Lorg/jetbrains/kotlin/incremental/ClasspathChanges$ClasspathSnapshotEnabled;.<clinit>()V> (0x000000070afc3d60) 
thrown [s\src\hotspot\share\prims\jni.cpp, line 1127]
Event: 38.987 Thread 0x000001fe06137ab0 Exception <a 'java/lang/NoSuchMethodError'{0x000000070afc5b48}: static Lorg/jetbrains/kotlin/incremental/ClasspathChanges;.<clinit>()V> (0x000000070afc5b48) 
thrown [s\src\hotspot\share\prims\jni.cpp, line 1127]
Event: 39.001 Thread 0x000001fe06137ab0 Exception <a 'java/lang/NoSuchMethodError'{0x000000070ac8eb58}: static Lorg/jetbrains/kotlin/gradle/report/GradleBuildMetricsReporter;.<clinit>()V> (0x000000070ac8eb58) 
thrown [s\src\hotspot\share\prims\jni.cpp, line 1127]
Event: 39.001 Thread 0x000001fe06137ab0 Exception <a 'java/lang/NoSuchMethodError'{0x000000070ac91ad0}: static Lorg/jetbrains/kotlin/build/report/metrics/BuildMetricsReporterImpl;.<clinit>()V> (0x000000070ac91ad0) 
thrown [s\src\hotspot\share\prims\jni.cpp, line 1127]
Event: 39.005 Thread 0x000001fe06137ab0 Exception <a 'java/lang/NoSuchMethodError'{0x000000070acd94e0}: static Lorg/jetbrains/kotlin/build/report/metrics/GcMetrics;.<clinit>()V> (0x000000070acd94e0) 
thrown [s\src\hotspot\share\prims\jni.cpp, line 1127]

VM Operations (20 events):
Event: 35.932 Executing VM operation: HandshakeAllThreads done
Event: 35.932 Executing VM operation: Cleanup
Event: 35.932 Executing VM operation: Cleanup done
Event: 35.932 Executing VM operation: HandshakeAllThreads
Event: 35.932 Executing VM operation: HandshakeAllThreads done
Event: 36.067 Executing VM operation: G1CollectForAllocation
Event: 36.076 Executing VM operation: G1CollectForAllocation done
Event: 36.250 Executing VM operation: G1PauseRemark
Event: 36.279 Executing VM operation: G1PauseRemark done
Event: 36.335 Executing VM operation: G1PauseCleanup
Event: 36.336 Executing VM operation: G1PauseCleanup done
Event: 37.342 Executing VM operation: Cleanup
Event: 37.342 Executing VM operation: Cleanup done
Event: 37.600 Executing VM operation: G1CollectForAllocation
Event: 37.606 Executing VM operation: G1CollectForAllocation done
Event: 37.628 Executing VM operation: G1CollectForAllocation
Event: 37.631 Executing VM operation: G1CollectForAllocation done
Event: 38.619 Executing VM operation: ICBufferFull
Event: 38.619 Executing VM operation: ICBufferFull done
Event: 39.047 Executing VM operation: G1CollectForAllocation

Memory protections (0 events):
No events

Nmethod flushes (20 events):
Event: 35.952 Thread 0x000001fdc00f1900 flushing  nmethod 0x000001fda607ac10
Event: 35.952 Thread 0x000001fdc00f1900 flushing  nmethod 0x000001fda607af90
Event: 35.952 Thread 0x000001fdc00f1900 flushing  nmethod 0x000001fda607b810
Event: 35.952 Thread 0x000001fdc00f1900 flushing  nmethod 0x000001fda607bd90
Event: 35.952 Thread 0x000001fdc00f1900 flushing  nmethod 0x000001fda607c390
Event: 35.952 Thread 0x000001fdc00f1900 flushing  nmethod 0x000001fda607c810
Event: 35.952 Thread 0x000001fdc00f1900 flushing  nmethod 0x000001fda6084510
Event: 35.952 Thread 0x000001fdc00f1900 flushing  nmethod 0x000001fda6089c90
Event: 35.952 Thread 0x000001fdc00f1900 flushing  nmethod 0x000001fda608b390
Event: 35.952 Thread 0x000001fdc00f1900 flushing  nmethod 0x000001fda608c190
Event: 35.952 Thread 0x000001fdc00f1900 flushing  nmethod 0x000001fda6093d90
Event: 35.952 Thread 0x000001fdc00f1900 flushing  nmethod 0x000001fda609d010
Event: 35.952 Thread 0x000001fdc00f1900 flushing  nmethod 0x000001fda60a3b90
Event: 35.952 Thread 0x000001fdc00f1900 flushing  nmethod 0x000001fda60c8d10
Event: 35.952 Thread 0x000001fdc00f1900 flushing  nmethod 0x000001fda60c9110
Event: 35.952 Thread 0x000001fdc00f1900 flushing  nmethod 0x000001fda6150490
Event: 35.952 Thread 0x000001fdc00f1900 flushing  nmethod 0x000001fda6150b90
Event: 35.952 Thread 0x000001fdc00f1900 flushing  nmethod 0x000001fda6151010
Event: 35.952 Thread 0x000001fdc00f1900 flushing  nmethod 0x000001fda6151610
Event: 35.953 Thread 0x000001fdc00f1900 flushing  nmethod 0x000001fda616bb10

Events (20 events):
Event: 35.945 Thread 0x000001fe06137ab0 Thread added: 0x000001fe0c436ec0
Event: 35.947 Thread 0x000001fe06137ab0 Thread added: 0x000001fe0c4373d0
Event: 35.948 Thread 0x000001fe06137ab0 Thread added: 0x000001fe0c4378e0
Event: 35.948 Thread 0x000001fe06137ab0 Thread added: 0x000001fe0c4364a0
Event: 35.953 Thread 0x000001fe06137ab0 Thread added: 0x000001fe0834ca40
Event: 35.954 Thread 0x000001fe06137ab0 Thread added: 0x000001fe0834cf50
Event: 35.955 Thread 0x000001fe06137ab0 Thread added: 0x000001fe0872a0e0
Event: 35.955 Thread 0x000001fe06137ab0 Thread added: 0x000001fe0b4a1770
Event: 35.956 Thread 0x000001fe06137ab0 Thread added: 0x000001fe0b4a0d50
Event: 35.957 Thread 0x000001fe06137ab0 Thread added: 0x000001fe0b4a2190
Event: 35.957 Thread 0x000001fe06137ab0 Thread added: 0x000001fe0b4a1c80
Event: 37.468 Thread 0x000001fe06137ab0 Thread added: 0x000001fe0b4a35d0
Event: 37.468 Thread 0x000001fe06137ab0 Thread added: 0x000001fe0b4a3ae0
Event: 37.469 Thread 0x000001fe06137ab0 Thread added: 0x000001fe0b4a26a0
Event: 37.469 Thread 0x000001fe06137ab0 Thread added: 0x000001fe0b4a2bb0
Event: 37.469 Thread 0x000001fe06137ab0 Thread added: 0x000001fe0b4a30c0
Event: 37.469 Thread 0x000001fe06137ab0 Thread added: 0x000001fe0b4a0330
Event: 37.469 Thread 0x000001fe06137ab0 Thread added: 0x000001fe0b4a0840
Event: 37.469 Thread 0x000001fe06137ab0 Thread added: 0x000001fe0b4a3ff0
Event: 39.008 Thread 0x000001fe06137ab0 Thread added: 0x000001fe0b4a4f20


Dynamic libraries:
0x00007ff79c960000 - 0x00007ff79c96a000 	C:\Users\karth\.jdks\jbr-17.0.14\bin\java.exe
0x00007ffecfe00000 - 0x00007ffed0066000 	C:\WINDOWS\SYSTEM32\ntdll.dll
0x00007ffecef90000 - 0x00007ffecf059000 	C:\WINDOWS\System32\KERNEL32.DLL
0x00007ffecd270000 - 0x00007ffecd66e000 	C:\WINDOWS\System32\KERNELBASE.dll
0x00007ffecd020000 - 0x00007ffecd16c000 	C:\WINDOWS\System32\ucrtbase.dll
0x00007ffe6c180000 - 0x00007ffe6c197000 	C:\Users\karth\.jdks\jbr-17.0.14\bin\jli.dll
0x00007ffe6dc20000 - 0x00007ffe6dc3b000 	C:\Users\karth\.jdks\jbr-17.0.14\bin\VCRUNTIME140.dll
0x00007ffecfaf0000 - 0x00007ffecfcb7000 	C:\WINDOWS\System32\USER32.dll
0x00007ffecd240000 - 0x00007ffecd267000 	C:\WINDOWS\System32\win32u.dll
0x00007ffeac730000 - 0x00007ffeac9c2000 	C:\WINDOWS\WinSxS\amd64_microsoft.windows.common-controls_6595b64144ccf1df_6.0.26100.8875_none_3e0d5d42e32fe9dd\COMCTL32.dll
0x00007ffecdee0000 - 0x00007ffecdf0b000 	C:\WINDOWS\System32\GDI32.dll
0x00007ffeceb90000 - 0x00007ffecec39000 	C:\WINDOWS\System32\msvcrt.dll
0x00007ffecd970000 - 0x00007ffecda9a000 	C:\WINDOWS\System32\gdi32full.dll
0x00007ffecd740000 - 0x00007ffecd7e3000 	C:\WINDOWS\System32\msvcp_win.dll
0x00007ffecec40000 - 0x00007ffecec72000 	C:\WINDOWS\System32\IMM32.DLL
0x00007ffe8fbc0000 - 0x00007ffe8fbcc000 	C:\Users\karth\.jdks\jbr-17.0.14\bin\vcruntime140_1.dll
0x00007ffe49c80000 - 0x00007ffe49d0d000 	C:\Users\karth\.jdks\jbr-17.0.14\bin\msvcp140.dll
0x00007ffde9680000 - 0x00007ffdea30e000 	C:\Users\karth\.jdks\jbr-17.0.14\bin\server\jvm.dll
0x00007ffecdd10000 - 0x00007ffecddc7000 	C:\WINDOWS\System32\ADVAPI32.dll
0x00007ffecdc60000 - 0x00007ffecdd0a000 	C:\WINDOWS\System32\sechost.dll
0x00007ffecec90000 - 0x00007ffeceda8000 	C:\WINDOWS\System32\RPCRT4.dll
0x00007ffeceb00000 - 0x00007ffeceb80000 	C:\WINDOWS\System32\WS2_32.dll
0x00007ffeccea0000 - 0x00007ffeccefe000 	C:\WINDOWS\SYSTEM32\POWRPROF.dll
0x00007ffec53a0000 - 0x00007ffec53d6000 	C:\WINDOWS\SYSTEM32\WINMM.dll
0x00007ffec53e0000 - 0x00007ffec53eb000 	C:\WINDOWS\SYSTEM32\VERSION.dll
0x00007ffecce80000 - 0x00007ffecce94000 	C:\WINDOWS\SYSTEM32\UMPDC.dll
0x00007ffecbcd0000 - 0x00007ffecbceb000 	C:\WINDOWS\SYSTEM32\kernel.appcore.dll
0x00007ffe8f920000 - 0x00007ffe8f92a000 	C:\Users\karth\.jdks\jbr-17.0.14\bin\jimage.dll
0x00007ffec23d0000 - 0x00007ffec2612000 	C:\WINDOWS\SYSTEM32\DBGHELP.DLL
0x00007ffecf060000 - 0x00007ffecf3e3000 	C:\WINDOWS\System32\combase.dll
0x00007ffecde00000 - 0x00007ffecded9000 	C:\WINDOWS\System32\OLEAUT32.dll
0x00007ffeaab00000 - 0x00007ffeaab3b000 	C:\WINDOWS\SYSTEM32\dbgcore.DLL
0x00007ffecd680000 - 0x00007ffecd72c000 	C:\WINDOWS\System32\bcryptPrimitives.dll
0x00007ffe854f0000 - 0x00007ffe854fe000 	C:\Users\karth\.jdks\jbr-17.0.14\bin\instrument.dll
0x00007ffe6be80000 - 0x00007ffe6bea5000 	C:\Users\karth\.jdks\jbr-17.0.14\bin\java.dll
0x00007ffe40a80000 - 0x00007ffe40b57000 	C:\Users\karth\.jdks\jbr-17.0.14\bin\jsvml.dll
0x00007ffece310000 - 0x00007ffeceaa2000 	C:\WINDOWS\System32\SHELL32.dll
0x00007ffecaaa0000 - 0x00007ffecb332000 	C:\WINDOWS\SYSTEM32\windows.storage.dll
0x00007ffecfcc0000 - 0x00007ffecfdb7000 	C:\WINDOWS\System32\SHCORE.dll
0x00007ffecdbc0000 - 0x00007ffecdc27000 	C:\WINDOWS\System32\shlwapi.dll
0x00007ffeccf40000 - 0x00007ffeccf69000 	C:\WINDOWS\SYSTEM32\profapi.dll
0x00007ffe56c20000 - 0x00007ffe56c38000 	C:\Users\karth\.jdks\jbr-17.0.14\bin\zip.dll
0x00007ffe596c0000 - 0x00007ffe596d9000 	C:\Users\karth\.jdks\jbr-17.0.14\bin\net.dll
0x00007ffec6060000 - 0x00007ffec6187000 	C:\WINDOWS\SYSTEM32\WINHTTP.dll
0x00007ffecc290000 - 0x00007ffecc2fc000 	C:\WINDOWS\system32\mswsock.dll
0x00007ffe56fe0000 - 0x00007ffe56ff6000 	C:\Users\karth\.jdks\jbr-17.0.14\bin\nio.dll
0x00007ffe8f0c0000 - 0x00007ffe8f0d0000 	C:\Users\karth\.jdks\jbr-17.0.14\bin\verify.dll
0x00007ffec6670000 - 0x00007ffec6697000 	C:\Users\karth\.gradle\native\1def1411415f61bf3af743bc5b6707747c0891f09f0c88961ee8f79bc544acac\windows-amd64\native-platform.dll
0x00007ffea8010000 - 0x00007ffea8088000 	C:\Users\karth\.gradle\native\0.2.7\x86_64-windows-gnu\gradle-fileevents.dll
0x00007ffe8d960000 - 0x00007ffe8d969000 	C:\Users\karth\.jdks\jbr-17.0.14\bin\management.dll
0x00007ffe8c5f0000 - 0x00007ffe8c5fb000 	C:\Users\karth\.jdks\jbr-17.0.14\bin\management_ext.dll
0x00007ffece0d0000 - 0x00007ffece0d8000 	C:\WINDOWS\System32\PSAPI.DLL
0x00007ffecb670000 - 0x00007ffecb6a3000 	C:\WINDOWS\SYSTEM32\IPHLPAPI.DLL
0x00007ffecddf0000 - 0x00007ffecddfa000 	C:\WINDOWS\System32\NSI.dll
0x00007ffec6030000 - 0x00007ffec604d000 	C:\WINDOWS\SYSTEM32\dhcpcsvc6.DLL
0x00007ffec6000000 - 0x00007ffec6025000 	C:\WINDOWS\SYSTEM32\dhcpcsvc.DLL
0x00007ffecb6b0000 - 0x00007ffecb806000 	C:\WINDOWS\SYSTEM32\DNSAPI.dll
0x00007ffecc060000 - 0x00007ffecc06d000 	C:\WINDOWS\SYSTEM32\DSPARSE.dll
0x00007ffe86e90000 - 0x00007ffe86e99000 	C:\Users\karth\.jdks\jbr-17.0.14\bin\extnet.dll
0x00007ffecc620000 - 0x00007ffecc63b000 	C:\WINDOWS\SYSTEM32\CRYPTSP.dll
0x00007ffecbc30000 - 0x00007ffecbc69000 	C:\WINDOWS\system32\rsaenh.dll
0x00007ffecc350000 - 0x00007ffecc382000 	C:\WINDOWS\SYSTEM32\USERENV.dll
0x00007ffeccf10000 - 0x00007ffeccf3a000 	C:\WINDOWS\SYSTEM32\bcrypt.dll
0x00007ffecc640000 - 0x00007ffecc64c000 	C:\WINDOWS\SYSTEM32\CRYPTBASE.dll
0x00007ffe80b00000 - 0x00007ffe80b0e000 	C:\Users\karth\.jdks\jbr-17.0.14\bin\sunmscapi.dll
0x00007ffecd7f0000 - 0x00007ffecd968000 	C:\WINDOWS\System32\CRYPT32.dll
0x00007ffecc860000 - 0x00007ffecc890000 	C:\WINDOWS\SYSTEM32\ncrypt.dll
0x00007ffecc810000 - 0x00007ffecc84f000 	C:\WINDOWS\SYSTEM32\NTASN1.dll
0x00007ffea0d60000 - 0x00007ffea0d68000 	C:\WINDOWS\system32\wshunix.dll

dbghelp: loaded successfully - version: 4.0.5 - missing functions: none
symbol engine: initialized successfully - sym options: 0x614 - pdb path: .;C:\Users\karth\.jdks\jbr-17.0.14\bin;C:\WINDOWS\SYSTEM32;C:\WINDOWS\WinSxS\amd64_microsoft.windows.common-controls_6595b64144ccf1df_6.0.26100.8875_none_3e0d5d42e32fe9dd;C:\Users\karth\.jdks\jbr-17.0.14\bin\server;C:\Users\karth\.gradle\native\1def1411415f61bf3af743bc5b6707747c0891f09f0c88961ee8f79bc544acac\windows-amd64;C:\Users\karth\.gradle\native\0.2.7\x86_64-windows-gnu

VM Arguments:
jvm_args: --add-opens=java.base/java.lang=ALL-UNNAMED --add-opens=java.base/java.lang.invoke=ALL-UNNAMED --add-opens=java.base/java.util=ALL-UNNAMED --add-opens=java.prefs/java.util.prefs=ALL-UNNAMED --add-exports=jdk.compiler/com.sun.tools.javac.api=ALL-UNNAMED --add-exports=jdk.compiler/com.sun.tools.javac.util=ALL-UNNAMED --add-opens=java.base/java.util=ALL-UNNAMED --add-opens=java.prefs/java.util.prefs=ALL-UNNAMED --add-opens=java.base/java.nio.charset=ALL-UNNAMED --add-opens=java.base/java.net=ALL-UNNAMED --add-opens=java.base/java.util.concurrent.atomic=ALL-UNNAMED --add-opens=java.xml/javax.xml.namespace=ALL-UNNAMED -Xmx4096m -Dfile.encoding=UTF-8 -Duser.country=IN -Duser.language=en -Duser.variant -javaagent:C:\Users\karth\.gradle\wrapper\dists\gradle-8.13-bin\5xuhj0ry160q40clulazy9h7d\gradle-8.13\lib\agents\gradle-instrumentation-agent-8.13.jar 
java_command: org.gradle.launcher.daemon.bootstrap.GradleDaemon 8.13
java_class_path (initial): C:\Users\karth\.gradle\wrapper\dists\gradle-8.13-bin\5xuhj0ry160q40clulazy9h7d\gradle-8.13\lib\gradle-daemon-main-8.13.jar
Launcher Type: SUN_STANDARD

[Global flags]
     intx CICompilerCount                          = 4                                         {product} {ergonomic}
     uint ConcGCThreads                            = 3                                         {product} {ergonomic}
     uint G1ConcRefinementThreads                  = 10                                        {product} {ergonomic}
   size_t G1HeapRegionSize                         = 2097152                                   {product} {ergonomic}
    uintx GCDrainStackTargetSize                   = 64                                        {product} {ergonomic}
   size_t InitialHeapSize                          = 257949696                                 {product} {ergonomic}
   size_t MarkStackSize                            = 4194304                                   {product} {ergonomic}
   size_t MaxHeapSize                              = 4294967296                                {product} {command line}
   size_t MaxNewSize                               = 2575302656                                {product} {ergonomic}
   size_t MinHeapDeltaBytes                        = 2097152                                   {product} {ergonomic}
   size_t MinHeapSize                              = 8388608                                   {product} {ergonomic}
    uintx NonNMethodCodeHeapSize                   = 5839372                                {pd product} {ergonomic}
    uintx NonProfiledCodeHeapSize                  = 122909434                              {pd product} {ergonomic}
    uintx ProfiledCodeHeapSize                     = 122909434                              {pd product} {ergonomic}
    uintx ReservedCodeCacheSize                    = 251658240                              {pd product} {ergonomic}
     bool SegmentedCodeCache                       = true                                      {product} {ergonomic}
   size_t SoftMaxHeapSize                          = 4294967296                             {manageable} {ergonomic}
     bool UseCompressedClassPointers               = true                           {product lp64_product} {ergonomic}
     bool UseCompressedOops                        = true                           {product lp64_product} {ergonomic}
     bool UseG1GC                                  = true                                      {product} {ergonomic}
     bool UseLargePagesIndividualAllocation        = false                                  {pd product} {ergonomic}

Logging:
Log output configuration:
 #0: stdout all=warning uptime,level,tags
 #1: stderr all=off uptime,level,tags

Environment Variables:
JAVA_HOME=C:\Users\karth\.jdks\jbr-17.0.14
CLASSPATH=E:\Revamp\lauditorv3_revamp\\gradle\wrapper\gradle-wrapper.jar
PATH=C:/Users/karth/.gemini/antigravity/bin;C:\Users\karth\AppData\Roaming\Antigravity\bin;C:\ProgramData\Oracle\Java\javapath;C:\Users\karth\AppData\Local\Programs\Python\Python312\Scripts\;C:\Users\karth\AppData\Local\Programs\Python\Python312\;C:\WINDOWS\system32;C:\WINDOWS;C:\WINDOWS\System32\Wbem;C:\WINDOWS\System32\WindowsPowerShell\v1.0\;C:\WINDOWS\System32\OpenSSH\;C:\Program Files\Git\cmd;C:\Program Files\dotnet\;C:\Program Files (x86)\NVIDIA Corporation\PhysX\Common;C:\ProgramData\chocolatey\bin;C:\Program Files\NVIDIA Corporation\NVIDIA app\NvDLISR;C:\Program Files\Java\jdk1.8.0_101\bin;C:\Program Files\MySQL\MySQL Server 5.1\bin;C:\Program Files\nodejs\;C:\Program Files\MySQL\MySQL Shell 8.0\bin\;C:\Users\karth\AppData\Local\Microsoft\WindowsApps;F:\Microsoft VS Code\bin;C:\Users\karth\AppData\Local\GitHubDesktop\bin;E:\PyCharm 2024.3.1\bin;;C:\Users\karth\AppData\Roaming\npm;C:\Users\karth\AppData\Local\Kingsoft\WPS Office\12.1.0.27458\clitool
USERNAME=karth
OS=Windows_NT
PROCESSOR_IDENTIFIER=AMD64 Family 25 Model 80 Stepping 0, AuthenticAMD
TMP=C:\Users\karth\AppData\Local\Temp
TEMP=C:\Users\karth\AppData\Local\Temp



Periodic native trim disabled

JNI global refs:
JNI global refs: 26, weak refs: 0

JNI global refs memory usage: 843, weak refs: 841

Process memory usage:
Resident Set Size: 564508K (3% of 16101436K total physical memory with 235232K free physical memory)

OOME stack traces (most recent first):
Classloader memory used:
Loader org.gradle.internal.classloader.VisitableURLClassLoader                         : 5402K
Loader org.gradle.internal.classloader.VisitableURLClassLoader$InstrumentingVisitableURLClassLoader: 4053K
Loader bootstrap                                                                       : 1878K
Loader org.gradle.initialization.MixInLegacyTypesClassLoader                           : 1407K
Loader jdk.internal.reflect.DelegatingClassLoader                                      : 86381B
Loader jdk.internal.loader.ClassLoaders$PlatformClassLoader                            : 74914B
Loader org.gradle.groovy.scripts.internal.DefaultScriptCompilationHandler$ScriptClassLoader: 34653B
Loader jdk.internal.loader.ClassLoaders$AppClassLoader                                 : 29496B
Loader org.codehaus.groovy.runtime.callsite.CallSiteClassLoader                        : 1950B

Classes loaded by more than one classloader:
Class org.gradle.internal.installation.GradleInstallation                             : loaded 2 times (x 73B)
Class com.google.common.collect.Iterators$MergingIterator                             : loaded 2 times (x 79B)
Class org.objectweb.asm.ModuleVisitor                                                 : loaded 2 times (x 79B)
Class [Lcom.google.common.collect.AbstractMapEntry;                                   : loaded 2 times (x 67B)
Class com.google.common.collect.ImmutableRangeSet$AsSet                               : loaded 2 times (x 233B)
Class com.google.common.collect.SingletonImmutableList                                : loaded 2 times (x 167B)
Class com.google.common.cache.CacheLoader$SupplierToCacheLoader                       : loaded 2 times (x 73B)
Class org.gradle.internal.classpath.ClassPath                                         : loaded 2 times (x 68B)
Class com.google.common.cache.RemovalListener                                         : loaded 2 times (x 68B)
Class org.gradle.api.internal.classpath.DefaultModuleRegistry                         : loaded 2 times (x 84B)
Class com.google.common.collect.ImmutableEnumSet                                      : loaded 2 times (x 144B)
Class com.google.common.collect.ListMultimap                                          : loaded 2 times (x 68B)
Class com.google.common.base.CharMatcher$JavaDigit                                    : loaded 2 times (x 109B)
Class com.google.common.base.CharMatcher$Digit                                        : loaded 2 times (x 110B)
Class com.google.common.collect.AbstractMultimap                                      : loaded 2 times (x 121B)
Class com.google.common.cache.CacheBuilder$OneWeigher                                 : loaded 2 times (x 80B)
Class org.gradle.api.Action                                                           : loaded 2 times (x 68B)
Class com.google.common.collect.ImmutableEntry                                        : loaded 2 times (x 80B)
Class com.google.common.collect.Lists$StringAsImmutableList                           : loaded 2 times (x 167B)
Class com.google.common.cache.LocalCache$StrongEntry                                  : loaded 2 times (x 106B)
Class org.objectweb.asm.FieldWriter                                                   : loaded 2 times (x 76B)
Class com.google.common.base.CharMatcher                                              : loaded 2 times (x 109B)
Class com.google.common.base.CharMatcher$IsNot                                        : loaded 2 times (x 109B)
Class com.google.common.collect.RegularImmutableSortedSet                             : loaded 2 times (x 233B)
Class com.google.common.collect.Maps$IteratorBasedAbstractMap                         : loaded 2 times (x 123B)
Class com.google.common.base.Splitter                                                 : loaded 2 times (x 70B)
Class settings_f2qdeygpddu188ogjvmmkhfog                                              : loaded 2 times (x 177B)
Class [Lcom.google.common.cache.Weigher;                                              : loaded 2 times (x 67B)
Class com.google.common.collect.Iterators$ArrayItr                                    : loaded 2 times (x 95B)
Class com.google.common.cache.LocalCache$Segment                                      : loaded 2 times (x 152B)
Class org.gradle.api.internal.DefaultClassPathProvider                                : loaded 2 times (x 74B)
Class org.gradle.internal.installation.GradleInstallation$1                           : loaded 2 times (x 73B)
Class com.google.common.cache.LocalCache$AbstractReferenceEntry                       : loaded 2 times (x 105B)
Class org.objectweb.asm.Type                                                          : loaded 2 times (x 70B)
Class com.google.common.util.concurrent.AbstractFuture$Failure                        : loaded 2 times (x 70B)
Class com.google.common.base.CharMatcher$BitSetMatcher                                : loaded 2 times (x 110B)
Class com.google.common.collect.ImmutableMap$IteratorBasedImmutableMap                : loaded 2 times (x 123B)
Class com.google.common.collect.ImmutableMap                                          : loaded 2 times (x 118B)
Class com.google.common.base.Converter                                                : loaded 2 times (x 88B)
Class com.google.common.collect.ImmutableSortedSetFauxverideShim                      : loaded 2 times (x 145B)
Class com.google.common.collect.ImmutableSet$EmptySetBuilderImpl                      : loaded 2 times (x 74B)
Class com.google.common.base.Equivalence                                              : loaded 2 times (x 80B)
Class com.google.common.primitives.Ints                                               : loaded 2 times (x 69B)
Class com.google.common.cache.LocalCache$EntryFactory$1                               : loaded 2 times (x 81B)
Class com.google.common.cache.LocalCache$EntryFactory$2                               : loaded 2 times (x 81B)
Class com.google.common.collect.ImmutableSet$SerializedForm                           : loaded 2 times (x 71B)
Class com.google.common.cache.LocalCache$EntryFactory$3                               : loaded 2 times (x 81B)
Class com.google.common.cache.LocalCache$EntryFactory$4                               : loaded 2 times (x 81B)
Class com.google.common.cache.LocalCache$EntryFactory$5                               : loaded 2 times (x 81B)
Class com.google.common.cache.LocalCache$EntryFactory$6                               : loaded 2 times (x 81B)
Class com.google.common.cache.LocalCache$EntryFactory$7                               : loaded 2 times (x 81B)
Class com.google.common.cache.LocalCache$EntryFactory$8                               : loaded 2 times (x 81B)
Class com.google.common.base.Predicate                                                : loaded 2 times (x 68B)
Class com.google.common.cache.LocalCache$StrongValueReference                         : loaded 2 times (x 88B)
Class build_cncmml9xjld62zgqe8h6ijrta$_run_closure1                                   : loaded 2 times (x 138B)
Class org.gradle.internal.classloader.FilteringClassLoader                            : loaded 2 times (x 103B)
Class com.google.common.collect.AbstractMapBasedMultimap$WrappedCollection            : loaded 2 times (x 122B)
Class com.google.common.collect.RegularImmutableSet                                   : loaded 2 times (x 146B)
Class [Lcom.google.common.cache.LocalCache$Strength;                                  : loaded 2 times (x 67B)
Class org.gradle.internal.classpath.DefaultClassPath$ImmutableUniqueList$Builder      : loaded 2 times (x 73B)
Class com.google.common.collect.AbstractRangeSet                                      : loaded 2 times (x 112B)
Class com.google.common.collect.Maps$8                                                : loaded 2 times (x 80B)
Class [Lcom.google.common.cache.CacheBuilder$NullListener;                            : loaded 2 times (x 67B)
Class com.google.common.base.PatternCompiler                                          : loaded 2 times (x 68B)
Class com.google.common.base.CharMatcher$InRange                                      : loaded 2 times (x 109B)
Class com.google.common.collect.Maps$KeySet                                           : loaded 2 times (x 135B)
Class com.google.common.collect.Sets$SetView                                          : loaded 2 times (x 136B)
Class com.google.common.collect.BiMap                                                 : loaded 2 times (x 68B)
Class com.google.common.collect.Lists                                                 : loaded 2 times (x 69B)
Class org.objectweb.asm.AnnotationWriter                                              : loaded 2 times (x 77B)
Class com.google.common.math.IntMath$1                                                : loaded 2 times (x 69B)
Class org.gradle.internal.classloader.ClassLoaderVisitor                              : loaded 2 times (x 74B)
Class org.objectweb.asm.Label                                                         : loaded 2 times (x 71B)
Class com.google.common.cache.CacheBuilder$NullListener                               : loaded 2 times (x 80B)
Class com.google.common.math.MathPreconditions                                        : loaded 2 times (x 69B)
Class org.gradle.internal.service.DefaultServiceLocator                               : loaded 2 times (x 81B)
Class org.gradle.internal.service.UnknownServiceException                             : loaded 2 times (x 81B)
Class com.google.common.util.concurrent.AbstractFuture$SynchronizedHelper             : loaded 2 times (x 76B)
Class com.google.common.collect.ArrayListMultimap                                     : loaded 2 times (x 170B)
Class com.google.common.base.Strings                                                  : loaded 2 times (x 69B)
Class com.google.common.cache.CacheLoader$InvalidCacheLoadException                   : loaded 2 times (x 80B)
Class org.gradle.internal.classloader.DefaultClassLoaderFactory                       : loaded 2 times (x 80B)
Class com.google.common.collect.UnmodifiableIterator                                  : loaded 2 times (x 78B)
Class com.google.common.base.Stopwatch                                                : loaded 2 times (x 70B)
Class com.google.common.base.Platform$JdkPatternCompiler                              : loaded 2 times (x 73B)
Class com.google.common.cache.LocalCache$LoadingValueReference                        : loaded 2 times (x 94B)
Class com.google.common.base.CharMatcher$SingleWidth                                  : loaded 2 times (x 110B)
Class com.google.common.collect.Hashing                                               : loaded 2 times (x 69B)
Class com.google.common.collect.ImmutableRangeSet$ComplementRanges                    : loaded 2 times (x 167B)
Class com.google.common.base.JdkPattern                                               : loaded 2 times (x 73B)
Class com.google.common.collect.Multimap                                              : loaded 2 times (x 68B)
Class com.google.common.base.FunctionalEquivalence                                    : loaded 2 times (x 81B)
Class org.objectweb.asm.AnnotationVisitor                                             : loaded 2 times (x 76B)
Class org.objectweb.asm.RecordComponentWriter                                         : loaded 2 times (x 76B)
Class com.google.common.cache.LocalCache$1                                            : loaded 2 times (x 87B)
Class com.google.common.cache.LocalCache$2                                            : loaded 2 times (x 140B)
Class com.google.common.collect.RegularImmutableBiMap                                 : loaded 2 times (x 146B)
Class build_cncmml9xjld62zgqe8h6ijrta                                                 : loaded 2 times (x 178B)
Class org.gradle.internal.classloader.VisitableURLClassLoader$Spec                    : loaded 2 times (x 72B)
Class org.gradle.api.GradleException                                                  : loaded 2 times (x 80B)
Class com.google.common.base.CharMatcher$JavaLetterOrDigit                            : loaded 2 times (x 109B)
Class org.gradle.api.internal.classpath.ModuleRegistry                                : loaded 2 times (x 68B)
Class com.google.common.cache.CacheBuilder                                            : loaded 2 times (x 70B)
Class org.objectweb.asm.ByteVector                                                    : loaded 2 times (x 77B)
Class com.google.common.collect.ImmutableCollection                                   : loaded 2 times (x 123B)
Class com.google.common.collect.ImmutableRangeSet                                     : loaded 2 times (x 113B)
Class com.google.common.base.PairwiseEquivalence                                      : loaded 2 times (x 81B)
Class com.google.common.base.Ticker                                                   : loaded 2 times (x 70B)
Class org.gradle.api.internal.ClassPathProvider                                       : loaded 2 times (x 68B)
Class com.google.common.base.Ascii                                                    : loaded 2 times (x 69B)
Class com.google.common.collect.RegularImmutableMap$Values                            : loaded 2 times (x 167B)
Class org.objectweb.asm.ModuleWriter                                                  : loaded 2 times (x 80B)
Class org.gradle.internal.classloader.ClasspathUtil$1                                 : loaded 2 times (x 74B)
Class com.google.common.collect.ImmutableEnumMap                                      : loaded 2 times (x 123B)
Class com.google.common.collect.ImmutableList$ReverseImmutableList                    : loaded 2 times (x 168B)
Class com.google.common.cache.AbstractCache$StatsCounter                              : loaded 2 times (x 68B)
Class org.objectweb.asm.FieldVisitor                                                  : loaded 2 times (x 75B)
Class org.objectweb.asm.Symbol                                                        : loaded 2 times (x 71B)
Class com.google.common.cache.LocalCache$Strength$1                                   : loaded 2 times (x 79B)
Class com.google.common.cache.LocalCache$Strength$2                                   : loaded 2 times (x 79B)
Class com.google.common.cache.LocalCache$Strength$3                                   : loaded 2 times (x 79B)
Class org.gradle.internal.classloader.ClassLoaderFactory                              : loaded 2 times (x 68B)
Class com.google.common.collect.ObjectArrays                                          : loaded 2 times (x 69B)
Class com.google.common.util.concurrent.AbstractFuture$Waiter                         : loaded 2 times (x 70B)
Class com.google.common.util.concurrent.Uninterruptibles                              : loaded 2 times (x 69B)
Class com.google.common.collect.Iterators$10                                          : loaded 2 times (x 79B)
Class com.google.common.collect.ImmutableList                                         : loaded 2 times (x 166B)
Class org.gradle.api.internal.classpath.ManifestUtil                                  : loaded 2 times (x 69B)
Class org.gradle.api.specs.Spec                                                       : loaded 2 times (x 68B)
Class com.google.common.collect.RangeSet                                              : loaded 2 times (x 68B)
Class com.google.common.cache.CacheLoader$UnsupportedLoadingOperationException        : loaded 2 times (x 80B)
Class com.google.common.base.CharMatcher$Whitespace                                   : loaded 2 times (x 110B)
Class com.google.common.util.concurrent.ListenableFuture                              : loaded 2 times (x 68B)
Class settings_f2qdeygpddu188ogjvmmkhfog$_run_closure1                                : loaded 2 times (x 137B)
Class com.google.common.collect.Iterators$1                                           : loaded 2 times (x 79B)
Class com.google.common.collect.Iterators$4                                           : loaded 2 times (x 80B)
Class com.google.common.collect.RegularImmutableMap$BucketOverflowException           : loaded 2 times (x 80B)
Class com.google.common.collect.Iterators$5                                           : loaded 2 times (x 80B)
Class com.google.common.util.concurrent.AbstractFuture$UnsafeAtomicHelper             : loaded 2 times (x 76B)
Class com.google.common.base.Joiner                                                   : loaded 2 times (x 77B)
Class com.google.common.base.Equivalence$Equals                                       : loaded 2 times (x 80B)
Class com.google.common.base.Preconditions                                            : loaded 2 times (x 69B)
Class com.google.common.base.Function                                                 : loaded 2 times (x 68B)
Class com.google.common.collect.Iterators$9                                           : loaded 2 times (x 79B)
Class org.gradle.internal.IoActions                                                   : loaded 2 times (x 69B)
Class com.google.common.cache.ReferenceEntry                                          : loaded 2 times (x 68B)
Class com.google.common.collect.RegularImmutableMap$KeySet                            : loaded 2 times (x 148B)
Class com.google.common.collect.CollectPreconditions                                  : loaded 2 times (x 69B)
Class com.google.common.primitives.IntsMethodsForWeb                                  : loaded 2 times (x 69B)
Class com.google.common.collect.RangeGwtSerializationDependencies                     : loaded 2 times (x 69B)
Class com.google.common.collect.Maps                                                  : loaded 2 times (x 69B)
Class com.google.common.collect.RegularImmutableMap                                   : loaded 2 times (x 119B)
Class com.google.common.collect.AbstractIndexedListIterator                           : loaded 2 times (x 94B)
Class com.google.common.base.CharMatcher$None                                         : loaded 2 times (x 110B)
Class org.gradle.api.internal.classpath.EffectiveClassPath                            : loaded 2 times (x 88B)
Class com.google.common.collect.UnmodifiableListIterator                              : loaded 2 times (x 93B)
Class com.google.common.cache.CacheLoader$FunctionToCacheLoader                       : loaded 2 times (x 73B)
Class com.google.common.cache.CacheBuilder$1                                          : loaded 2 times (x 83B)
Class com.google.common.cache.CacheBuilder$2                                          : loaded 2 times (x 70B)
Class com.google.common.collect.ImmutableList$1                                       : loaded 2 times (x 95B)
Class com.google.common.base.Splitter$Strategy                                        : loaded 2 times (x 68B)
Class com.google.common.collect.ImmutableMapEntrySet$RegularEntrySet                  : loaded 2 times (x 149B)
Class [Lcom.google.common.cache.RemovalListener;                                      : loaded 2 times (x 67B)
Class [Lcom.google.common.collect.ImmutableMapEntry;                                  : loaded 2 times (x 67B)
Class org.gradle.internal.installation.CurrentGradleInstallation                      : loaded 2 times (x 71B)
Class org.gradle.internal.installation.CurrentGradleInstallationLocator               : loaded 2 times (x 69B)
Class [Lcom.google.common.cache.LocalCache$Segment;                                   : loaded 2 times (x 67B)
Class org.gradle.api.internal.classpath.Module                                        : loaded 2 times (x 68B)
Class com.google.common.collect.ImmutableSortedSet                                    : loaded 2 times (x 233B)
Class com.google.common.base.Splitter$1$1                                             : loaded 2 times (x 84B)
Class com.google.common.collect.ImmutableSet$JdkBackedSetBuilderImpl                  : loaded 2 times (x 74B)
Class com.google.common.collect.ImmutableSet$RegularSetBuilderImpl                    : loaded 2 times (x 75B)
Class [Lorg.objectweb.asm.AnnotationWriter;                                           : loaded 2 times (x 67B)
Class org.gradle.internal.service.CachingServiceLocator                               : loaded 2 times (x 80B)
Class [Lcom.google.common.collect.ImmutableEntry;                                     : loaded 2 times (x 67B)
Class com.google.common.collect.Sets$ImprovedAbstractSet                              : loaded 2 times (x 133B)
Class org.gradle.internal.classpath.DefaultClassPath                                  : loaded 2 times (x 88B)
Class com.google.common.util.concurrent.AbstractFuture$SetFuture                      : loaded 2 times (x 73B)
Class com.google.common.collect.CollectCollectors                                     : loaded 2 times (x 69B)
Class com.google.common.base.Splitter$SplittingIterator                               : loaded 2 times (x 82B)
Class com.google.common.cache.LocalCache$LocalManualCache$1                           : loaded 2 times (x 73B)
Class org.objectweb.asm.SymbolTable$Entry                                             : loaded 2 times (x 72B)
Class [Lcom.google.common.cache.LocalCache$EntryFactory;                              : loaded 2 times (x 67B)
Class com.google.common.base.CharMatcher$Is                                           : loaded 2 times (x 109B)
Class com.google.common.base.Platform                                                 : loaded 2 times (x 69B)
Class com.google.common.collect.RegularImmutableAsList                                : loaded 2 times (x 176B)
Class com.google.common.collect.PeekingIterator                                       : loaded 2 times (x 68B)
Class com.google.common.collect.ImmutableMapEntrySet                                  : loaded 2 times (x 149B)
Class com.google.common.cache.CacheLoader                                             : loaded 2 times (x 72B)
Class com.google.common.collect.ImmutableBiMapFauxverideShim                          : loaded 2 times (x 118B)
Class org.objectweb.asm.MethodTooLargeException                                       : loaded 2 times (x 81B)
Class com.google.common.cache.Cache                                                   : loaded 2 times (x 68B)
Class org.gradle.internal.classloader.SystemClassLoaderSpec                           : loaded 2 times (x 69B)
Class com.google.common.util.concurrent.internal.InternalFutureFailureAccess          : loaded 2 times (x 70B)
Class com.google.common.base.Charsets                                                 : loaded 2 times (x 69B)
Class com.google.common.primitives.Ints$IntConverter                                  : loaded 2 times (x 88B)
Class com.google.common.collect.SingletonImmutableSet                                 : loaded 2 times (x 144B)
Class [Lcom.google.common.base.AbstractIterator$State;                                : loaded 2 times (x 67B)
Class com.google.common.collect.ImmutableMap$Builder                                  : loaded 2 times (x 80B)
Class com.google.common.base.AbstractIterator                                         : loaded 2 times (x 78B)
Class org.objectweb.asm.ClassWriter                                                   : loaded 2 times (x 104B)
Class com.google.common.collect.Range                                                 : loaded 2 times (x 85B)
Class com.google.common.base.AbstractIterator$1                                       : loaded 2 times (x 69B)
Class [Lcom.google.common.cache.CacheBuilder$OneWeigher;                              : loaded 2 times (x 67B)
Class com.google.common.collect.Iterators                                             : loaded 2 times (x 69B)
Class com.google.common.base.CharMatcher$1                                            : loaded 2 times (x 111B)
Class com.google.common.base.CharMatcher$Ascii                                        : loaded 2 times (x 110B)
Class com.google.common.cache.LocalCache$ComputingValueReference                      : loaded 2 times (x 94B)
Class org.gradle.api.UncheckedIOException                                             : loaded 2 times (x 80B)
Class com.google.common.base.CharMatcher$And                                          : loaded 2 times (x 110B)
Class com.google.common.collect.IndexedImmutableSet                                   : loaded 2 times (x 148B)
Class com.google.common.base.ExtraObjectsMethodsForWeb                                : loaded 2 times (x 69B)
Class com.google.common.collect.IndexedImmutableSet$1                                 : loaded 2 times (x 172B)
Class com.google.common.collect.AbstractListMultimap                                  : loaded 2 times (x 170B)
Class com.google.common.base.CharMatcher$Any                                          : loaded 2 times (x 110B)
Class com.google.common.cache.LocalCache$Strength                                     : loaded 2 times (x 79B)
Class com.google.common.collect.AbstractMapBasedMultimap$KeySet                       : loaded 2 times (x 135B)
Class com.google.common.collect.SortedIterable                                        : loaded 2 times (x 68B)
Class com.google.common.collect.ArrayListMultimapGwtSerializationDependencies         : loaded 2 times (x 170B)
Class com.google.common.base.CharMatcher$RangesMatcher                                : loaded 2 times (x 110B)
Class com.google.common.collect.AbstractMapBasedMultimap$RandomAccessWrappedList      : loaded 2 times (x 165B)
Class org.objectweb.asm.Handler                                                       : loaded 2 times (x 70B)
Class org.gradle.api.internal.classpath.GlobalCacheRootsProvider                      : loaded 2 times (x 68B)
Class com.google.common.collect.ImmutableList$SubList                                 : loaded 2 times (x 168B)
Class com.google.common.cache.LocalCache$ValueReference                               : loaded 2 times (x 68B)
Class org.gradle.internal.classloader.ClasspathUtil                                   : loaded 2 times (x 69B)
Class org.objectweb.asm.CurrentFrame                                                  : loaded 2 times (x 71B)
Class com.google.common.util.concurrent.AbstractFuture                                : loaded 2 times (x 93B)
Class com.google.common.base.Splitter$1                                               : loaded 2 times (x 75B)
Class com.google.common.base.Ticker$1                                                 : loaded 2 times (x 70B)
Class com.google.common.collect.Maps$BiMapConverter                                   : loaded 2 times (x 88B)
Class org.gradle.api.internal.DefaultClassPathRegistry                                : loaded 2 times (x 74B)
Class [Lorg.objectweb.asm.Symbol;                                                     : loaded 2 times (x 67B)
Class com.google.common.util.concurrent.AbstractFuture$Cancellation                   : loaded 2 times (x 70B)
Class com.google.common.collect.ImmutableSet$SetBuilderImpl                           : loaded 2 times (x 74B)
Class org.gradle.api.internal.classpath.DefaultModuleRegistry$DefaultModule           : loaded 2 times (x 84B)
Class com.google.common.base.CharMatcher$JavaIsoControl                               : loaded 2 times (x 110B)
Class com.google.common.collect.ImmutableMap$1                                        : loaded 2 times (x 79B)
Class com.google.common.base.CharMatcher$Or                                           : loaded 2 times (x 110B)
Class com.google.common.base.Suppliers$SupplierOfInstance                             : loaded 2 times (x 77B)
Class org.objectweb.asm.RecordComponentVisitor                                        : loaded 2 times (x 75B)
Class com.google.common.collect.Iterables                                             : loaded 2 times (x 69B)
Class com.google.common.base.CharMatcher$JavaLowerCase                                : loaded 2 times (x 109B)
Class org.objectweb.asm.ClassTooLargeException                                        : loaded 2 times (x 81B)
Class org.gradle.api.internal.classpath.UnknownModuleException                        : loaded 2 times (x 80B)
Class com.google.common.util.concurrent.AbstractFuture$Listener                       : loaded 2 times (x 70B)
Class org.objectweb.asm.Edge                                                          : loaded 2 times (x 70B)
Class com.google.common.collect.Maps$EntryTransformer                                 : loaded 2 times (x 68B)
Class com.google.common.collect.ImmutableCollection$Builder                           : loaded 2 times (x 74B)
Class [Lorg.objectweb.asm.SymbolTable$Entry;                                          : loaded 2 times (x 67B)
Class com.google.common.collect.SingletonImmutableBiMap                               : loaded 2 times (x 141B)
Class settings_f2qdeygpddu188ogjvmmkhfog$_run_closure1$_closure2                      : loaded 2 times (x 137B)
Class com.google.common.base.CommonPattern                                            : loaded 2 times (x 72B)
Class com.google.common.base.Suppliers                                                : loaded 2 times (x 69B)
Class org.objectweb.asm.ClassVisitor                                                  : loaded 2 times (x 86B)
Class com.google.common.cache.LoadingCache                                            : loaded 2 times (x 68B)
Class org.gradle.internal.service.ServiceLookupException                              : loaded 2 times (x 80B)
Class com.google.common.base.CharMatcher$NegatedFastMatcher                           : loaded 2 times (x 111B)
Class [Lorg.gradle.api.internal.ClassPathProvider;                                    : loaded 2 times (x 67B)
Class com.google.common.util.concurrent.AbstractFuture$SafeAtomicHelper               : loaded 2 times (x 77B)
Class org.gradle.util.internal.GUtil                                                  : loaded 2 times (x 69B)
Class com.google.common.math.IntMath                                                  : loaded 2 times (x 69B)
Class com.google.common.collect.AbstractIterator                                      : loaded 2 times (x 80B)
Class org.gradle.internal.classloader.ClassLoaderSpec                                 : loaded 2 times (x 69B)
Class com.google.common.base.NullnessCasts                                            : loaded 2 times (x 69B)
Class org.objectweb.asm.Frame                                                         : loaded 2 times (x 71B)
Class com.google.common.cache.LocalCache$LocalManualCache                             : loaded 2 times (x 97B)
Class com.google.common.collect.AbstractMapEntry                                      : loaded 2 times (x 79B)
Class com.google.common.collect.ImmutableList$Builder                                 : loaded 2 times (x 75B)
Class com.google.common.base.CharMatcher$Negated                                      : loaded 2 times (x 111B)
Class com.google.common.cache.CacheLoader$1                                           : loaded 2 times (x 73B)
Class com.google.common.util.concurrent.AbstractFuture$TrustedFuture                  : loaded 2 times (x 95B)
Class org.gradle.internal.classloader.InstrumentingClassLoader                        : loaded 2 times (x 68B)
Class com.google.common.collect.Sets                                                  : loaded 2 times (x 69B)
Class com.google.common.collect.ImmutableSet$Builder                                  : loaded 2 times (x 83B)
Class com.google.common.base.CharMatcher$ForPredicate                                 : loaded 2 times (x 110B)
Class com.google.common.collect.ImmutableMap$MapViewOfValuesAsSingletonSets           : loaded 2 times (x 123B)
Class com.google.common.base.MoreObjects                                              : loaded 2 times (x 69B)
Class com.google.common.collect.SortedMapDifference                                   : loaded 2 times (x 68B)
Class org.objectweb.asm.SymbolTable                                                   : loaded 2 times (x 70B)
Class [Lorg.objectweb.asm.AnnotationVisitor;                                          : loaded 2 times (x 67B)
Class com.google.common.cache.CacheStats                                              : loaded 2 times (x 69B)
Class org.objectweb.asm.Attribute                                                     : loaded 2 times (x 75B)
Class org.gradle.internal.classloader.VisitableURLClassLoader                         : loaded 2 times (x 115B)
Class com.google.common.cache.LocalCache$LocalLoadingCache                            : loaded 2 times (x 132B)
Class com.google.common.base.Supplier                                                 : loaded 2 times (x 68B)
Class com.google.common.base.Objects                                                  : loaded 2 times (x 69B)
Class com.google.common.util.concurrent.AbstractFuture$AtomicHelper                   : loaded 2 times (x 76B)
Class com.google.common.collect.ImmutableBiMap                                        : loaded 2 times (x 141B)
Class org.gradle.internal.Cast                                                        : loaded 2 times (x 69B)
Class org.gradle.api.internal.ClassPathRegistry                                       : loaded 2 times (x 68B)
Class com.google.common.cache.LocalCache$EntryFactory                                 : loaded 2 times (x 81B)
Class com.google.common.util.concurrent.UncheckedExecutionException                   : loaded 2 times (x 80B)
Class com.google.common.collect.ImmutableSet                                          : loaded 2 times (x 143B)
Class org.gradle.internal.classloader.VisitableURLClassLoader$InstrumentingVisitableURLClassLoader: loaded 2 times (x 121B)
Class org.gradle.internal.classloader.ClassLoaderHierarchy                            : loaded 2 times (x 68B)
Class com.google.common.collect.AbstractMapBasedMultimap$WrappedList                  : loaded 2 times (x 165B)
Class [Lorg.objectweb.asm.Type;                                                       : loaded 2 times (x 67B)
Class com.google.common.base.AbstractIterator$State                                   : loaded 2 times (x 77B)
Class com.google.common.cache.Weigher                                                 : loaded 2 times (x 68B)
Class com.google.common.base.CharMatcher$NamedFastMatcher                             : loaded 2 times (x 110B)
Class org.gradle.internal.InternalTransformer                                         : loaded 2 times (x 68B)
Class org.gradle.internal.service.ServiceLocator                                      : loaded 2 times (x 68B)
Class com.google.common.collect.ImmutableRangeSet$1                                   : loaded 2 times (x 169B)
Class com.google.common.util.concurrent.SettableFuture                                : loaded 2 times (x 95B)
Class com.google.common.collect.ImmutableMapEntry                                     : loaded 2 times (x 83B)
Class com.google.common.base.CharMatcher$Invisible                                    : loaded 2 times (x 110B)
Class com.google.common.base.Joiner$1                                                 : loaded 2 times (x 78B)
Class com.google.common.base.Joiner$2                                                 : loaded 2 times (x 77B)
Class com.google.common.base.CharMatcher$FastMatcher                                  : loaded 2 times (x 109B)
Class org.gradle.internal.classpath.DefaultClassPath$ImmutableUniqueList              : loaded 2 times (x 159B)
Class com.google.common.base.CharMatcher$JavaLetter                                   : loaded 2 times (x 109B)
Class org.gradle.internal.classpath.TransformedClassPath                              : loaded 2 times (x 94B)
Class com.google.common.collect.MapDifference                                         : loaded 2 times (x 68B)
Class com.google.common.collect.Sets$1                                                : loaded 2 times (x 137B)
Class com.google.common.collect.Sets$2                                                : loaded 2 times (x 137B)
Class com.google.common.util.concurrent.AbstractFuture$Trusted                        : loaded 2 times (x 68B)
Class com.google.common.collect.Sets$3                                                : loaded 2 times (x 137B)
Class com.google.common.collect.Sets$4                                                : loaded 2 times (x 137B)
Class org.objectweb.asm.MethodWriter                                                  : loaded 2 times (x 104B)
Class com.google.common.collect.Platform                                              : loaded 2 times (x 69B)
Class com.google.common.collect.ImmutableAsList                                       : loaded 2 times (x 169B)
Class com.google.common.util.concurrent.ExecutionError                                : loaded 2 times (x 80B)
Class com.google.common.base.Equivalence$Identity                                     : loaded 2 times (x 80B)
Class com.google.common.base.CharMatcher$AnyOf                                        : loaded 2 times (x 110B)
Class com.google.common.base.CharMatcher$IsEither                                     : loaded 2 times (x 109B)
Class com.google.common.cache.LocalCache                                              : loaded 2 times (x 185B)
Class com.google.common.collect.ImmutableRangeSet$Builder                             : loaded 2 times (x 75B)
Class com.google.common.collect.RegularImmutableList                                  : loaded 2 times (x 172B)
Class com.google.common.util.concurrent.AbstractFuture$UnsafeAtomicHelper$1           : loaded 2 times (x 74B)
Class com.google.common.base.CharMatcher$JavaUpperCase                                : loaded 2 times (x 109B)
Class com.google.common.collect.Multiset                                              : loaded 2 times (x 68B)
Class com.google.common.collect.ImmutableSet$CachingAsList                            : loaded 2 times (x 145B)
Class org.objectweb.asm.MethodVisitor                                                 : loaded 2 times (x 103B)
Class com.google.common.collect.AbstractMapBasedMultimap$KeySet$1                     : loaded 2 times (x 80B)
Class com.google.common.collect.ImmutableMapEntry$NonTerminalImmutableMapEntry        : loaded 2 times (x 83B)
Class com.google.common.collect.AbstractMapBasedMultimap                              : loaded 2 times (x 137B)


---------------  S Y S T E M  ---------------

OS:
 Windows 11 , 64 bit Build 26100 (10.0.26100.8875)
OS uptime: 2 days 15:52 hours
Hyper-V role detected

CPU: total 12 (initial active 12) (12 cores per cpu, 2 threads per core) family 25 model 80 stepping 0 microcode 0xa50000d, cx8, cmov, fxsr, ht, mmx, 3dnowpref, sse, sse2, sse3, ssse3, sse4a, sse4.1, sse4.2, popcnt, lzcnt, tsc, tscinvbit, avx, avx2, aes, erms, clmul, bmi1, bmi2, adx, sha, fma, vzeroupper, clflush, clflushopt, hv
Processor Information for all 12 processors :
  Max Mhz: 3301, Current Mhz: 3301, Mhz Limit: 3301

Memory: 4k page, system-wide physical 15724M (228M free)
TotalPageFile size 26966M (AvailPageFile size 105M)
current process WorkingSet (physical memory assigned to process): 551M, peak: 551M
current process commit charge ("private bytes"): 604M, peak: 744M

vm_info: OpenJDK 64-Bit Server VM (17.0.14+1-b1367.22) for windows-amd64 JRE (17.0.14+1-b1367.22), built on 2025-01-30 by "builduser" with MS VC++ 16.10 / 16.11 (VS2019)

END.
